rms_mean,rms_std,zcr_mean,zcr_std,spectral_centroid_mean,spectral_centroid_std,spectral_bandwidth_mean,spectral_bandwidth_std,spectral_rolloff_std,spectral_flatness_mean,spectral_flatness_std,spectral_contrast_mean,spectral_contrast_std,perc_mean,harm_perc_ratio,mfcc_1_mean,mfcc_1_std,mfcc_2_mean,mfcc_2_std,mfcc_3_mean,mfcc_3_std,mfcc_4_mean,mfcc_4_std,mfcc_5_mean,mfcc_5_std,mfcc_6_mean,mfcc_6_std,mfcc_7_mean,mfcc_7_std,mfcc_8_mean,mfcc_8_std,mfcc_9_mean,mfcc_9_std,mfcc_10_mean,mfcc_10_std,mfcc_11_mean,mfcc_11_std,mfcc_12_mean,mfcc_12_std,mfcc_13_mean,mfcc_13_std,mfcc_14_mean,mfcc_14_std,mfcc_15_mean,mfcc_15_std,mfcc_16_mean,mfcc_16_std,mfcc_17_mean,mfcc_17_std,mfcc_18_mean,mfcc_18_std,mfcc_19_mean,mfcc_19_std,mfcc_20_mean,mfcc_20_std,mfcc_21_mean,mfcc_21_std,mfcc_22_mean,mfcc_22_std,mfcc_23_mean,mfcc_23_std,mfcc_24_mean,mfcc_24_std,mfcc_25_mean,mfcc_25_std,mfcc_26_mean,mfcc_26_std,mfcc_27_mean,mfcc_27_std,mfcc_28_mean,mfcc_28_std,mfcc_29_mean,mfcc_29_std,mfcc_30_std,mfcc_31_mean,mfcc_31_std,mfcc_32_mean,mfcc_32_std,mfcc_33_mean,mfcc_33_std,mfcc_34_mean,mfcc_34_std,mfcc_35_mean,mfcc_35_std,mfcc_36_mean,mfcc_36_std,mfcc_37_mean,mfcc_37_std,mfcc_38_mean,mfcc_38_std,mfcc_39_mean,mfcc_39_std,mfcc_40_mean,mfcc_40_std,chroma_mean,chroma_std,chroma_0_mean,chroma_1_mean,chroma_2_mean,chroma_3_mean,chroma_4_mean,chroma_5_mean,chroma_6_mean,chroma_7_mean,chroma_8_mean,chroma_9_mean,chroma_10_mean,chroma_11_mean,tempo,energy,max_amplitude,label,nfile,reliability
0.20204692903400315,1.2491138545968918,-1.1279386390534034,1.131015897335613,-0.09078652171302476,2.102488532998997,0.7189022032685914,2.1677586306832373,2.3101986463154525,-0.38211250201538793,0.4943656109148159,0.7060386583462667,1.551947434235996,-0.5124007095664647,3.1268519439846503,-0.3961514015811971,0.28648007593585884,-0.7338885220435053,1.9996844616838578,1.5060611188286888,0.4187406965484495,0.43044245849776436,-0.20648799429464232,1.248247122753602,-0.7235597111555907,0.12071239330048855,0.02114567499793505,2.1286048722174344,0.6008583592621983,-1.2414195829809442,0.28608769874993745,1.3162890844568813,0.17920168398330544,-0.7799502476687166,0.8483867959658618,1.5204130973796028,0.5149362918156543,-0.38191726815609245,-0.005314500738450616,1.790809900212881,-0.19896240595205,-0.7851568292415689,-0.33741862967640845,2.8181758197065117,-0.5852581051157734,-1.0381489697627821,0.8353714207460481,1.0747995710611213,0.32187393839592976,-0.9646916307320021,2.3249213840429244,0.6824023716158746,1.3467921052568583,-1.0593924777440413,1.9619050824259368,1.7879589497450195,1.792616320912959,-0.7511740411491189,3.5840390179159005,1.1358573433736254,2.8434550686485536,-1.4759277053264463,3.064013226728278,0.45206079581382724,2.40921014843341,-1.3085031634784559,1.973286060758271,0.7597589917864679,0.7564758274417525,-1.0782942993677385,1.116513773315,0.27527424036353615,0.7743413870937553,0.3895942003786051,0.8270498738882006,0.12059906627605554,-0.7350101005564892,-0.20693894588832487,1.2823762106332826,-0.3585759865215548,-0.49953165170141384,-0.29771449961402585,1.2794270796107747,-0.8087793750768978,-0.8978805743512297,-0.025352774369018508,0.7577325324799548,0.014679942239913629,-0.8141500120861497,0.5889737146022099,1.1968017228357561,0.3563133342171635,0.37795250873398306,0.4440258361637083,-1.2653207812315144,1.7382392097777366,-0.4190855056420936,-0.5963223346086689,-0.3931608823659058,-0.30759017587893217,-1.1218071394806215,-2.4242543002233488,-2.4424205169723363,-1.6123323474867277,-0.9717660317646658,-0.4243200892787472,-0.36152715991954243,-0.3494949997650358,-1.4744081227958026,0.6533708735454276,1.916298120495066,1,slice_205.wav,2
0.13849108018812714,0.29007036765905825,-0.4013346063498599,0.5850406938733914,-0.5624226286530085,-0.3427857678596865,-0.6574721944077089,-0.13184790070492455,-0.6237662635308627,-0.5038336156480123,-0.47656119054495427,0.628884190305973,0.0308669633358002,0.17070077848491566,0.35266314619838796,0.39155675453253497,1.0034011917561485,0.5960913346603216,-0.2812624163374877,-0.3897703435147986,0.6550942010647282,-0.5615639682978499,0.15633931576869944,0.48845387364258225,0.971054812025663,-0.9162134509579136,0.3854477756512341,0.6496903881840601,-0.495441354599117,-0.49894473568853487,0.4451504686763798,1.141659741748827,1.3125278861115193,-0.5877642633448692,-0.5430584451457716,0.3317731395447245,-0.5613273588405779,-1.168331970990304,0.6823680364357809,0.6292233782082279,-0.23868462193908394,-0.654924145896082,-0.25891026387571886,0.4879411469908447,-0.018585655597408882,-0.29806927968682956,-0.020382676680380143,0.28359280115702695,1.362521742586638,-1.0088411715961763,0.9311470519534084,1.3786993467074926,0.5979215856367641,-1.2465720515582766,0.7154046810773445,0.4861555597705218,-0.8257395708667131,-1.1377726082167676,-0.49325769959994514,-0.1165196345357945,-1.1013679242940406,-1.0156498397514182,-1.2725741452861001,0.7193193591537193,-0.3827577501071616,-0.9913215233039534,-0.16476966888698638,1.1291340958335474,-0.7345612654877212,-0.644791146095785,-0.5056544267095259,0.5002545995013149,-0.36486440042953183,-1.0519619552749826,1.7195681343268368,-0.6073882335280448,-0.6755968088630225,-0.7138761313366028,0.7355517472986838,-0.6810898034699698,-0.9981084583105755,-0.7396301152040758,0.3610406502023813,-0.38179463169137795,-0.8367904693321473,-0.3880195703598139,0.07848131592358996,0.7330737062452346,-1.5042010365247933,0.12243946855007513,-0.6332641182976558,-0.8707787533201385,-1.025323166035375,0.46356202901089966,0.3296334889533319,-0.03975792093651892,0.3442297820190705,0.26898551830762407,0.7215492598618614,0.9916050340103577,0.23504494552814734,0.2064723586453813,-0.025717897832399174,-0.1982055704687651,-0.15875387096374352,-0.11536006692356258,0.04487880263511632,0.33385283591206555,-0.18540274770664925,-0.10742992142708345,0.1631671901786092,1,slice_028.wav,1
-0.9542486683287654,-0.8834591029237563,0.4885555872411246,0.20340883885362687,1.5349691527348466,0.5079590772230428,2.29522769179188,-0.6728817007916824,0.04875717956472541,1.229403358207978,1.0489023326719638,-1.6662666933109702,-0.5214776909203968,-1.2307056378461234,-0.46706113662255455,-2.2464939121420158,-1.4594020879685856,-1.3394793291907947,-0.017496241018756777,1.5601571345105776,-1.8582345898034662,0.15105583436247622,-1.1389588284775907,-0.35437077043410614,-0.525606227541478,-0.922252348483744,0.492638362276328,-2.0533270981605147,0.15469656174117083,0.5625326818315163,-1.0231704368978047,-0.7730781526095475,-1.313742309843431,0.7191955228737146,-0.5525835489523563,-1.18839373905791,-0.9928261779085099,1.7363934779881618,-0.7806864503160618,-1.9609412122474892,-1.0931807962812097,0.8047637716951036,1.3537403700202115,-1.4084568971642017,-0.9325722674554887,1.0328650307699538,-1.12065306306703,0.3133978178788331,-1.4283821057778097,-0.2114482948883922,-1.7801632800205545,-1.2128329593083278,-1.6319249789999284,1.2937231483398597,-1.44213129576169,-1.8620075208432227,-0.9687728062403932,1.0633698631109765,-0.21417976693428242,-1.7421111762202328,-0.2804867234486332,1.0152775216268721,-1.124194416324895,-0.8329866415065073,-1.220916088834848,1.5150841563534956,-1.0774131134394496,-0.35578034628729716,-1.287819204328608,1.2729489478028988,-1.4400436307781486,-1.0125536532044985,-1.585522092073735,-0.9566715961483696,-1.6481307778409984,-0.9580007971576024,1.4887710231556395,-0.032960073093180525,-2.7819567275506283,-0.06849789722079379,1.0646578033564753,-0.19616654472297693,-2.26283583908048,-0.49493208555993046,1.7810599083565954,-1.6055105479092144,-1.3695695287553118,-0.9697309540905689,1.2421652838693689,0.36198529461451784,-1.6745835962640472,-0.28488330790070676,1.0773603645818788,-0.7412941420103789,0.47868940738746923,0.07786485099208386,0.653586572592792,0.27580810673758804,-0.3347504887427889,-0.9303484695987084,-0.8645231373636173,0.033359078191210506,0.9667908570324005,0.7809299401399578,0.4398956188180095,0.5611063767176011,0.9550404311165496,0.8133350726357762,0.7813512836102158,-0.5146350600812828,-1.1212979107047119,1,slice_029.wav,1
2.630310762255211,2.0693711161016903,-1.7325070179509088,-0.8184836364314391,-1.74169604373949,0.3505875390931477,-1.3675609793276093,0.9293111727663961,0.5909691514782534,-0.9582984909939386,-1.0377447449567794,2.038129326368426,-0.3229705925514519,1.5294769731663331,2.4523380461879873,1.1956014896693423,0.43974025550534296,1.7084334254712643,1.3470843956680854,0.7094956068214078,0.3982860252993804,0.5009732776934144,0.41498222095436316,1.3741307744885634,0.9061815077215711,-0.77826101023002,2.4617904322743547,1.1085469001750023,3.765286063942864,-0.9779574313475518,1.631893722703191,0.7607871300870551,3.1853322289310704,-1.480110925762352,2.7332759802219067,0.4239957892038323,1.040492953922049,-1.5508090241474264,2.670298961031526,1.341271787897999,0.5747589310548968,-1.3710950988741057,1.3728054754132568,0.35205198377628444,2.0133499411396407,-1.4001248387598235,0.9787991324665464,0.00621766510506064,3.434070276079204,-0.866307390322459,0.7045031289439109,0.9174182123829066,2.575902734575953,-0.6642531193216356,3.3434056774536454,1.5709626866922328,0.9282642034607407,-0.6437083922573463,0.9526810931157708,0.5539009053685692,2.2592965607483637,-1.1416679674788812,0.24846371360274702,-0.2522783351450124,3.486838240783352,-1.0813406527182265,2.3956325050393272,-0.9302826285921353,2.9710806590201417,-1.6409988633758017,0.6194555182481909,-0.47565258054231513,0.5916275186521965,-0.5392134230232274,-1.1367921901491964,0.13199111319319373,-2.355048040141444,0.05140209983747285,-0.7515295146779901,-0.35828439168108117,-2.5297088497542846,0.43429119508583036,-1.3190430963067128,0.26799222498657516,-2.514488922665363,0.24986406827503033,-1.9586540890834714,0.9394451182896886,-2.420424043165186,0.4740223224910219,-1.479509514346018,0.6771689510419233,-1.620653596472243,1.228136204906598,-2.480973074687907,2.1521348016067203,-0.4405025639058138,-0.7391546900768599,-0.8047224806695338,-0.9556695634834198,-1.4289728097248702,-3.4968275683669985,-4.054116712333899,-3.2445375353229005,-2.3871468186649367,-1.862108590412716,-1.4528140238880294,-0.7098360107497355,2.134806927453827,0.9110093338743687,1.917094349282113,1,slice_188.wav,3
-0.06184358539000505,-0.5857806982581667,-0.22237007536161943,-0.14563220836155252,-0.3161030889101959,-1.075245505419658,-0.657161408702977,-0.9909776711457852,-1.2943227330049747,-0.5082369613943731,-0.7407620645893006,0.5174856156759122,0.48264673568050015,0.1225897559296528,-0.11794266995676465,0.8085189380526571,-0.7691513674294478,0.5400623597601847,-0.9477535054712865,-0.9116412371497113,-0.7463158620342767,0.6595352198444013,-0.8197142752793827,-0.5178791192721437,0.11266787846293315,0.6779802123283789,0.016955940183605654,0.041790946003154326,-0.4955922937496979,0.6872701671699922,-1.0889922064341686,0.6624790473637375,-0.7473643252011768,0.9262488511495125,-1.5123820343573358,-0.240609099125294,-1.1291345242402717,-0.16452152909359263,-0.6703989999619885,0.37194922865503416,-0.8662877201656003,-0.22421459789197395,-0.2644221762199975,-0.041668706539888266,-1.2138814355570176,0.5796971484209659,-0.7190273160430614,-0.9307576798724936,0.06200276284417489,1.0900640249610993,-0.4698762669078164,-0.03971495409108171,-0.198740444606061,0.10133278465748234,0.29622414093695354,0.0632613101981731,-0.9959525931555747,0.30364936815353216,-0.7564095896449088,0.07582772758040793,-1.1633913927564357,0.31340795011033123,0.06605971881149135,1.091231584217719,0.016577226371925113,0.4514100530835889,-0.9140188909183724,0.09138962245275617,-0.8046520422489881,0.23935674415613814,-0.12586575415830673,-0.21750463759105432,-0.3960876860407282,-0.45154162234833456,0.36533345998886124,-0.4356644310629406,-0.5079670162935058,-0.8344647576187072,0.34944932490083314,-0.7353485805791408,-0.42842169242762995,-1.0303303475539507,0.40726310619937905,-0.8731591879035409,-0.5660229361626962,-0.7500285024453686,-0.036601581525275144,-0.8545256998891118,-0.3495513500065494,-0.6125564494799963,0.4353853876075811,0.8519621398343327,-0.0510380999860836,-0.098864812656748,0.34165869341986693,-0.4181958268597212,-0.34455740935367174,-0.2711189377549704,0.6983119476575579,1.8033398163430276,2.1268964611171604,1.025782812621701,-0.18718712032972457,-0.5913142261523908,-0.525283959776832,-0.2749080912978349,-0.027331975387748203,0.16135486129583207,0.7813512836102158,-0.37813541569911074,-0.508625897044967,1,slice_182.wav,1
0.9289692292227383,0.8735000798861812,-1.0496180938524668,-0.1767149317248975,-1.34393901140779,-0.289430157859931,-1.5056897534096187,-0.4396316696927525,-0.6953871388289071,-0.8482531861807653,-1.0370724828473623,0.7844617021009501,-0.7026309421451825,1.1116353567032904,0.5276464969160252,1.022730506238303,-0.41816148838648337,1.6813140234128026,0.7385289726503977,-0.2713825651311262,-0.8999330083459908,0.10222439731027454,-0.33545514105996244,0.7667179296895983,-0.2532375792954504,-1.2994795992058512,-0.4224792862042786,1.0185011167886586,0.06429041402232671,-0.8521652760498583,-0.11192333125420849,2.077687150721273,-0.22282758884912346,-0.9183162126677433,-0.6552128648220422,1.3780472719521983,-0.5514595984622849,-0.786142977755189,-0.00899786946195076,1.6963074028532314,-0.9246435255767947,-0.854063543967649,-0.4217217114831378,2.074923090383153,-1.0259186819985708,-0.9323060526209906,0.08675905497258664,1.538583071174736,-0.7263169324909236,-0.22778535249156903,0.5500080958328482,1.62635291918275,-0.8986295266505716,-1.0569688991995536,-0.7931484017857737,1.7242981403185258,-0.7657724320330977,-0.9125836940885894,-0.4240775815916821,1.5140287798181724,-0.9087920978224809,-1.6662445858179578,-0.6508484740586835,0.8124968644573791,-0.6365385206181314,-1.1675161049037437,-0.9437794818140479,0.34939785488561653,-0.5313562678569466,-1.2256213313634023,-0.47217989954768336,-0.06587314790209774,-0.1799970175656402,0.5042408619661407,0.08186097207479305,0.4106548367187313,-1.3560257976583308,-0.2994972108840412,0.7043443016129094,0.09649669223870032,-1.3266448373465491,0.0403064178539361,0.8089467737792491,-0.9873134288301492,-0.9316233301668423,-1.1266242613441466,0.6178871760679707,-0.6412529730942735,-1.0188005747213251,-0.42035652874796386,-0.29497405673782784,-1.1706428740985961,-1.4567423691088535,-0.8707330034108379,0.28766111901611885,-0.024725003765804148,0.7862951934788407,0.6808187267620589,0.9954049207661455,0.8046992251586231,0.18362803042898396,0.1096550215515983,0.13496394022686364,-0.2982503351336937,-0.5773556472846224,-0.6761139127923227,-0.19913884961933437,0.3479166714747419,2.134806927453827,0.6934529718459369,1.2116650100060011,1,slice_217.wav,3
1.3093873225675599,2.158857976057154,-1.5200489520469687,-0.9336484244522119,-1.5167976201141644,-0.6619201122904694,-0.8073360549289018,-0.5736497095143024,-0.22911544744963425,-0.8966904391132867,-1.0967616860684437,1.5202411361121655,0.9838353070494961,1.4879911093351772,0.5078564870242371,0.6488821754661018,1.2304824851479177,0.9738754193893719,-0.5799115804815934,1.358389585107813,-0.357484002676325,1.6006605689836355,2.0116981541410586,1.4677961459561597,-0.1048052976802981,-1.2665164148878882,1.775540560423309,1.7325649110700758,1.6459360338230484,-1.812895630248907,1.7173566808087133,0.293921764975386,0.467725329753398,-2.42686649818478,2.083527827701351,0.35783070132151606,1.070939212773181,-1.6126737961452808,2.139762873920634,0.4230572059285343,0.9365627085810957,-1.7469152670778003,1.6045913565947827,1.0051781660876258,1.1087400514961603,-1.5758735905680266,1.8008859903872039,0.8882446763670981,0.8210263014672262,-1.0652454539523186,1.5951830217032728,1.2779908146337113,1.291513510391051,-1.8006246750919868,1.8645679600403122,1.1549324247953765,2.033881762275977,-1.3409244802163216,2.5328868996429668,0.3215482605787327,1.3668357689848978,-1.3810881207740027,2.1010697767006015,-0.0009810780578243393,0.19290547135415503,-1.65813130150592,1.641540121083998,-0.29166548699882033,1.158502951005523,-1.5365794875182601,1.0862499664696563,-0.3860650157531769,-0.38276022558718603,-0.46155069616326494,-0.321175442709565,-0.3485812237779153,-1.4796681934556586,-0.009287033396229594,0.15388965300383045,0.200173924772635,-0.709977891608868,0.9698832319156968,0.4035735714852203,0.5558412027118599,-0.38957496122350915,0.11528599783080615,0.7671636867717407,0.3437139485950285,-0.2388300700142354,0.40300908279009,0.6669122045373951,-0.07397155125399982,0.7827587680295387,1.11552562390849,-0.8566845680766896,0.8953339137762771,-1.1005678935101837,-1.4313460963695834,-1.6698838834882779,-1.0895811526228847,0.12746881788023431,0.5372733020890261,0.47977841848213054,0.3026443067918645,-0.20985272008507544,-0.3019496275740202,-0.5712920755573254,-0.9711461367137357,0.7813512836102158,2.4350633444481833,1.946450732208474,2,slice_259.wav,3
-0.3281424647530851,-0.5490869139764533,-0.11046451361770424,0.23622144142237084,-0.23542083826917415,-1.3772470939215482,-0.5392686620097232,-1.990222851934985,-1.7428235614426761,-0.4251641402368031,-0.7673614755801353,0.1065022818855523,-0.16688781650618462,-0.32205390323873045,-0.03805468762783223,0.2861282250427955,-1.0170089174292372,0.19291809662143838,-1.8255853084207683,-0.8486135600024091,-1.2151183505351684,0.8881009093730768,0.12470404448150604,0.27600879071377205,0.03271922466771144,0.14179062423116778,0.7418000282655541,0.4257990534960565,-0.21642255909710975,0.525861560754025,-0.7362301637382863,0.3139830165381165,0.6524883301240323,0.4795968815781044,-0.5416291137830527,0.3507218129630773,0.05283687036476689,0.4561240996516962,-0.2721934923440932,0.6903788525649086,0.25479762886279683,0.12259447180895527,-0.6570702290378576,0.34170536458746953,-0.32267237478924576,0.502762232212553,-0.9737465097577204,0.04683131707966981,-0.936234979834779,0.4180508891577252,-0.879386960721342,0.27792120265255577,-0.7229022440085405,0.0019724292263949075,0.6701380799002604,0.8241732297567239,-0.4900476085053433,0.7379360507043935,-0.889774029642257,1.6474316280564583,-0.711515021993461,0.31982165969383497,-0.3182513450171664,0.49929218307905915,0.5299182305269788,0.019862202622646895,0.04205393935557452,-0.11094838632433406,-0.27109784219182254,0.24391133860451944,0.3871670207098051,0.5191713075934227,0.28054093107972916,0.18941872872366852,0.2258112990395049,0.08513315566090221,-0.48494942231691573,-0.3352113307609352,0.12214373605440211,0.05673140004071134,-0.39677151142809247,0.33102096931505126,-0.2837594082440064,0.48803182117055494,-1.061897948420119,0.30040263539555956,-0.8619999747996332,0.3209599108446314,-1.5509168757932559,-1.0675353894603663,-0.3085287325223217,-0.698864398271222,-0.6256421095101705,-0.6269239028258652,0.33128565920197445,-0.32210552265964915,-0.6670508968635225,-0.722826074845714,0.2550027801760521,1.312822470221345,1.34265499142209,1.025250562086851,0.3324944714031843,0.1126193514362766,0.1853553162906348,0.4713589144485947,0.008662971258263825,-0.10944478350927347,-1.1134866177708396,-0.4322718693479163,-0.6997250807407058,2,slice_248.wav,2
-0.7000181661973539,-0.7656896126115186,0.004847010218602136,-0.4702789757074311,0.04460891356594087,-0.7500736978632011,0.3906755466945859,-0.49014333733546156,0.012269498065014222,-0.1339870891579228,-0.4170939694592463,-0.7096298458472732,-0.02202330379146923,-0.7596351153044708,-0.6028097600543232,-0.7658694349541906,-0.569747723009423,0.1519496824605173,-1.0298431725719481,0.2853940832482374,-0.5669949174093815,-1.452557851674022,-1.4814719066344393,-1.0972412474220994,1.5619277115395027,1.9375982207570486,-0.4100091683241425,-0.44760727887681406,-0.26403517066944093,1.382108929897037,-0.6941362874475159,-1.5173703478958682,-0.986825741819758,-0.4501081044606415,-0.4803475040609922,0.7621099855495338,-0.2845957973172335,0.3281224322534062,-0.09803805068921753,-0.6467362918285354,-0.9094985898300753,2.3411217542187552,-2.0749995055690236,-1.0510179727383184,-0.5474736547060512,0.7566733241575265,-0.8318348321748635,0.3147719713677335,-0.8976875379710245,0.05943701833728331,-1.4197859316476915,0.03619538498787969,-0.4038139374410214,1.860803543104123,-0.8473368941128504,0.1340165628900375,-0.6972146157314777,-0.02525736839412119,-0.7762251370107627,0.3945436925132464,-0.9840616826077538,1.4923526275922798,0.2677030801933054,-0.023557557935821406,-0.5646338718721616,0.7845273030603624,-0.8713088780750342,0.41364120963150935,-2.0138661366705937,0.8124826818278604,-0.25358203996969864,1.024608883011494,0.0019208124907570511,-1.1453988810555131,-0.32986398054150684,-0.44347151405660945,1.7565706940131314,-0.5613406528018052,-0.17512034728911366,-0.7001304885505281,1.3444478874250465,-0.6395482782027913,-0.38833757414266934,-0.9965077380826567,1.1532249206502743,-0.35211899724514206,0.223096644748468,-1.3352476243217546,1.4919240029832226,-1.0083910589927985,1.1404785278687493,-1.1267142702010142,0.47009010475145196,-1.3332558711434819,0.545884965954902,-0.7187611648942533,1.5543583958034535,1.5978193107784129,0.49647261701751255,-0.45338723790991453,-0.6565968859792135,-0.7380034014322795,-0.23103615906658392,-0.08090074040217148,0.08788657356749326,0.16923728852685047,0.26420466264888154,1.1242790139797039,-1.7855473512655982,-0.49622663349060386,-0.9288517628562001,2,slice_011.wav,3
4.488271749716792,3.4844422034148956,-1.090879135770302,-0.36322977620095237,-0.8979272010408512,-0.10573115127173387,-0.5636632339935365,0.054805915275996556,-0.11720687001316343,-0.7666410450703266,-0.793520016570951,2.07313970633839,1.7538897806992328,4.712670711515267,0.9202922049597384,2.565761700590305,1.3509881029459743,0.5916074811661743,-0.02489898593651287,0.373587607116346,-0.42414032963495235,1.88460759022655,1.4927568231872168,0.9456554302713375,-0.05130487288794521,0.6282316957524411,0.4174937750363383,0.3851618431346813,3.4167428661178323,-0.8288096003185416,0.0019398944791259685,0.006855918734281146,0.7854017162745075,-1.604429435741267,0.2956669747889865,0.17566389966816362,1.8349991319399828,-1.2454629847576426,0.6170492304885041,0.023149226449798416,2.077028763429187,-1.3040322495567849,1.036227732012736,0.47313106189369347,1.6252381601978851,-1.0360510628766424,0.44206713867909797,-0.5172606503899634,1.2574311342445075,-0.5116779340615611,-0.24234323507002692,-0.9449225966634214,2.1790074500314685,-1.4145776163866615,0.7479951143043128,-0.3726408626920146,1.4842706048583802,-1.0950328286459352,2.081235854556092,-0.8998672629200778,1.5392669264291925,-1.7800010548633003,0.978878122495773,-0.9702970240178957,1.6283614205672772,-1.4435852110885945,2.1731595185976635,-1.1278396490332967,2.26175629419619,-1.1977858178376006,1.753259714230434,-0.7209718618365879,4.422963608337321,4.75449578147493,0.24285016392298764,4.708711316152612,-0.29420135845221407,4.877958975576451,1.4576670804193872,4.0332949700170095,-0.2814964876909185,0.9138310709657861,1.784169787206426,0.5566310546873932,-0.5774183358475034,2.0910110722228747,0.8837339668819848,1.5753061181978583,-0.5711500095579908,1.4177104187256013,0.7437816280522913,1.8125042105756888,-0.3466419939490396,2.389847884730486,-1.4579603779152202,1.1920004072416417,-1.0811912251598923,-1.437965394013849,-1.8067331550659433,-1.3770809096040124,-1.1793163688514414,-1.0795096558601023,-0.9927821167836248,-0.7493119503784171,-0.5117030927126047,-0.2980851643847874,-0.5756987990782317,-0.8227957530509665,0.10462346168841025,4.756441931275965,2.003785152429837,2,slice_230.wav,3
-0.18635294572912006,-0.07946339632863268,0.062324755904611784,0.5947805893956888,0.28429297130902553,-0.44982192160681583,0.253889291816536,-0.8064782296531253,-0.6684292487661067,-0.12394733343483544,-0.3742826567499885,0.12530135008046514,0.09949762536573925,-0.09003165425305074,-0.13546517016654408,0.37322283212819635,0.4667201322501108,-0.68334475401233,-0.4866393726975647,0.015135205261649484,-0.44011583224806405,0.9717937904094025,1.9004415886295418,0.19472158435473522,1.2076095148611223,0.13861365915380988,1.2417420205879115,1.4770129382541375,-0.5503313677224866,-0.784309783637748,-0.07437751014603883,0.2537661574744095,-0.09458330890770564,0.5547798706984155,0.3654149505393073,0.8492706804685809,-0.5293875147560221,-0.4471674876230026,-0.5977900682336564,0.7390734876944622,-0.4884233144460392,-0.9958261186885766,0.37091763264803684,0.3675580814219072,2.4205009441696177,-0.8433159042365485,-0.7724359457501073,-0.7701506321213991,1.564451381294088,-0.9060287936740214,-0.8311523484828884,-0.3826986641383074,0.34434761985284623,-1.0433515672142082,-0.4690305281789624,-0.20564071003130457,1.4585191653687948,-0.37984493548755327,-0.1697515978472676,0.7708400356555251,1.088970339960787,-0.8311956978353623,0.7880487677461318,0.05915666823612139,0.6777052784767147,-0.6633038814694137,0.8485561526819676,0.6260191536171482,1.1543656326681098,-0.3671413185686095,0.8097476358832076,-0.07582471853644765,0.03708552409466004,0.024429134608510726,0.6609512548415422,-0.443786778864911,-0.8259559640569549,0.669478965193044,0.7227138707443638,-0.3060828085380786,-1.069447628706121,0.656881779315331,0.9332901261757063,-0.49165871891505875,-1.0409135321393028,1.0479594966332995,0.9279661893409812,1.2513033413035706,-0.6166445943349343,0.4232860298838427,0.6743108317194675,1.0751881078188303,-0.45336363529123874,-0.29244445414745623,-0.14243729960220436,0.521476891873572,0.6915546648314954,0.4102389404341335,-0.35133072767913176,-0.8820878346648579,-0.5737739961665179,-0.13238872318477374,0.04005697070823615,-0.24473633347531268,-0.38033562905489776,-0.36891068520607245,-0.06568205062086722,0.32449876979346326,0.42517874575663445,-0.26291824454821017,0.08978125111136497,2,slice_216.wav,3
-0.3529459589321803,-0.19547738107903734,0.8532295287708331,-1.1627654251601238,0.17366773237346583,0.12571274917042735,-0.5582105007359913,1.812094089987503,0.8983819420808454,0.0031639670879796836,0.5481516661413627,-0.5309590917652338,-1.360522638127272,0.05933815007719076,-0.9973474788598181,-0.094539307784045,1.48038411815374,0.12604463788418316,0.7954425877293182,-1.4413157811962933,2.1791548678444976,-1.3718706375351841,-0.19825365472289966,0.1757232125294222,1.417274061776677,-0.4900571159574354,-0.2294486791668581,-0.8560860230465808,-0.6614594787868384,-0.3264516618144953,-0.19493761018899508,-1.225705752155991,0.25403494162797446,-0.3892792736625643,-0.28166337224633187,-1.3633175729338487,-0.5442425204783556,0.2579964136807442,-0.8110411941153138,-0.5245874911633256,-0.7025014449298076,0.13703707428136608,1.451264867896908,-0.8264381713019744,-0.09904706993931826,0.6339346803735243,0.049816143418347156,-0.14715955797749433,-0.1160605836890561,0.274580142950911,0.2342846342987171,0.5373095627951161,-0.861244862553234,0.2779180444207034,-0.9410879834002712,-0.37476694692868306,-0.6071497884136122,0.4962871845898742,-0.7887196228547327,-0.6489566009557389,-0.27383251716653123,0.277433119508205,0.10326176152903085,-0.10347895925653199,-0.08372151109594302,0.3867767893086326,-0.30126374863989897,-0.062029744795236284,0.6564294591014953,0.44345537713004934,-0.283386381666302,-0.3732403508215983,-0.6150991670625593,-0.44938862400139545,0.5573199052859693,-0.5051281452437298,0.6155811652878813,-0.6718722475900246,-0.32067033962161656,-0.5157059119983265,0.39783736982538037,-0.9607529905314536,-0.4280945485500448,-0.6842637301876674,0.2611631193249002,-1.1458036047530262,-0.32338068007947735,-0.8167109752613366,-0.24503122816870862,-0.1702830343334851,-1.2193665919194694,-0.41509055909077014,-0.4277784485789572,-0.5696374924378234,0.17023402429656087,-0.5395668632188877,-0.2203918975749086,0.4934749183781687,1.203298752208382,0.8802251156266644,0.6941628847578987,0.8081663122203866,0.01752646859467897,-0.406085143669373,-0.4255971779245218,-0.38711437906870466,-0.3577916236657476,-0.33704094034054244,-1.3008881684568783,-0.39041324677233863,-0.25420826392969376,1,slice_075.wav,1
-0.47555772318207334,-0.642189070177178,0.5933092369080099,-0.9438433326935782,-0.12008054643689425,-0.8689230972461436,-0.7600540904826288,-1.112946244384049,-1.2834186197325281,-0.2833064378732513,-0.5262455143840516,-0.09658182422493221,-1.9239187725740678,-0.28911594452325123,-0.784025026620846,0.0725051858311798,-0.39754603816985795,0.5316227157016666,-0.475516663995508,-1.3114181739695057,-1.4958897802201838,-0.47065921617994183,-1.0856399009875146,-0.8606985878044737,-0.6290829450303337,0.8111457785886358,-1.0495297431889294,-0.4020576789572327,-0.523146769311501,-1.015025476326061,0.18214973375179058,-1.9972533817024178,-1.3084271444680389,1.9442419822766626,-0.101069016579934,0.2564106419275717,-0.9653242695795798,1.0556067040193333,-0.9816640868753356,-0.10014572997401086,-0.4787266300413147,0.9322386732989494,-1.3150964096995712,-0.5682009927150563,-0.8375826313730272,0.9702668009499361,-0.8455215703987121,-2.2061318800675647,0.2692019542015808,0.5283123899520717,0.816784741458852,-1.4169615602497454,-0.6743108994450204,-0.462848873232023,-1.0454162647759386,-1.2208851319073937,-0.231855363509638,0.42105936175683123,-0.7065210155089313,-1.589731514102454,-1.0043732813690545,0.8915002613153616,-1.143782514701809,-1.4784467104750911,-1.1810184215279347,0.7866379977080488,-1.241685780432655,0.4878934692121622,0.21447497546513047,1.951662543543784,-1.6613682301717214,-0.17916446418849033,0.5490959430002003,0.613208465007301,-0.25323128241145193,0.4804321593252906,0.09372166079789003,0.5372353741286906,-1.2869817080315786,-1.2893100771238781,1.1692227349266515,-2.372118576444069,-0.8973170869426945,0.10097586347356272,1.2012463782004492,-0.37989338478743573,0.2820783884402102,-0.38738039464951557,1.6026489776398396,-0.9185422209310773,-0.07737859703577492,-2.355988273813072,2.709139181722275,-0.8225756953835996,0.14517259838318944,-0.5356498112473351,0.4249480222234859,-0.19591930647796424,0.09554207753689567,0.6350065066345215,1.15345050562127,1.3608224642522466,1.3310304800406516,0.23236600594101772,-0.44143927339145694,-0.8254734981116203,-0.980607572745372,-0.3354890459261608,0.42517874575663445,-0.49569890421653556,-0.7587633357772083,1,slice_154.wav,1
-0.3834239553254929,-0.5006057163690529,1.7090229874569312,0.8637531677008461,1.1764986800464639,0.9819700525043092,0.22678638935471834,0.28435746991846433,0.5353449657570846,0.9905308365492331,1.2133951217763217,-0.8264523009252217,1.4862796196201766,-0.0117486055394879,-0.9892822573105853,0.6140196472582333,0.31524405354726726,-1.0513236276915887,1.2400840512009528,-1.0470728229057247,-0.12992802215068622,0.3286583178787733,-0.3532915000102878,-2.4499008452010416,-0.6301504649448187,0.5013366686569001,0.680913923474789,-1.5533365642089962,-0.7067666854137822,0.3276670715114066,1.5546080867150482,-0.8444797763646573,0.8124596662807142,1.0183917439297827,-0.16788689839866303,-0.9387880341521464,-0.6377139859166188,0.3909374610485098,0.7654246963337468,0.08430677806105227,-0.9291048551547765,0.9454500841423912,-1.1838686129909277,-1.2138214158046976,0.9240240893662827,1.6004474122902397,-0.028725107535912387,-1.5612824214677896,-0.5224646721911598,1.647390120176964,-0.03776204350076664,-0.7125977996054441,-0.7109583573359297,1.0297502781997234,0.020923624700191223,-0.5573542304693105,1.623818489465477,1.6640097643438692,-0.2580012243491891,-0.22963989540092578,0.13567938540612995,1.3098891725187065,-1.033944622768777,-0.7218328418524483,-0.8178189265511143,1.0629166375940882,0.9687958140658083,-0.8628937347586235,0.06264946064337941,0.9404337398739641,-0.8129235242697156,-1.374084478878605,-1.013045506425431,-0.3703648445762779,-0.21824551280042395,-0.2619971397620739,0.49152418646390483,-0.12528517661685934,-0.3917070796937684,-0.039122388723556466,0.7855036323785809,0.7759754185127533,-0.5078445120802632,0.3388971582379614,0.9490952403055551,-0.2275978907237621,-0.6308200100720649,0.5411679539405729,1.192378674747026,-1.1068144408280731,-0.6813193118434155,-0.11085301005032522,1.5565762831094108,0.19712844386886164,0.8209481432147553,-1.0071477191041778,0.5236156959116702,0.6318982334439012,0.8578371088603878,0.5865572994675482,0.6258913780674188,0.754403380173748,0.31259083054376025,0.09596393118919924,0.11196999222448174,0.5828717050579154,0.8394050803023834,0.5971847894660653,0.7813512836102158,-0.4478543260272503,-0.5078121508528828,2,slice_137.wav,2
-0.6730387125696883,-0.6203585606626735,0.04091268526328224,-1.0743095407030292,-0.08443133436496694,-0.5686212872707844,0.31233193199707726,0.8640994628047965,0.6021661853470491,-0.1599042239372528,-0.4872183676319999,-0.8436962933989756,-0.6847122282871176,-0.6674870167262232,-0.778587336884925,-0.8280739280537072,0.18664445501582544,0.39420370104527164,-0.3089359345317327,0.46528721852873484,1.4077724640198428,-1.7751583685625465,-0.24963689660880528,-1.1439859933900884,0.7821354429198005,-0.26276686525522663,-1.1984198745575947,-0.7089450184561029,-0.16844372950488376,0.5663236133306107,0.4137451979058642,-1.0639943888301833,-0.5568153748414374,0.18048152763063446,0.8026955774163843,0.017687412079398196,0.7336592908638755,-0.7072840247994185,-0.5731472498969801,-1.3921507863867704,1.0707342079647504,1.7440980231534655,-0.05630006387780737,0.07842047056166312,-0.460900527903873,0.5553017561344079,-0.6106111572734008,0.7610818977659748,-0.6452932864483905,-0.8131942561484005,-0.28528948299421114,-0.5828788613911063,-0.8734572707535609,0.9879390758155262,-0.7359441863285626,-0.3985414490833609,-0.1879695747664457,-0.3121446410563572,-0.47798721643465175,0.3592571520090444,-1.0660774059924258,0.9770004172357591,-0.05207333987968629,-0.12793609469237777,-0.3806647338465051,0.5506075550830634,-0.26078712938172244,0.8971854611863417,-0.278184998163003,0.39340252135345605,-0.4093834295545243,0.8091384908048037,-1.345385851017066,-0.6559510349731129,-1.1049249464529645,-0.05112473618904865,0.9638337059455383,0.021083025541565555,-0.23138231445813895,-0.03625147721826401,0.6991702389953,-1.0995664324252223,-0.29411954475510127,-1.4859998342632692,0.5977535930902254,-0.7627670449533904,-0.646353517585648,-0.49779043015395896,0.18401124420082673,-0.15602481632166648,0.4975607155002512,0.006170382108602808,-0.349605510019528,-0.7344225313216564,0.5250150479390301,-0.694132454577155,0.9270477257590422,0.4455441892779876,-0.36093735575804586,-0.7310842511046534,-0.9233289777833763,-0.37122047262397784,0.14844794552993545,0.5528921642160558,0.7501565626012706,0.6076041724085239,0.984825737481649,1.1766837982765355,-0.18540274770664925,-0.47428258452900923,-0.722660986231457,2,slice_017.wav,3
-0.4413700313498883,-0.5757620078126988,-0.8265169731072417,1.073156829901888,-0.05171229544684824,1.2232911983951071,0.8360799433065323,0.15322556829725587,0.7949116207174501,-0.258601605134034,0.7131571716691448,0.29081438696410816,-0.2559788745716641,-0.7424725274028053,0.9380486715234513,-0.6097291489590787,-1.4172826790930138,-0.5985101335492505,0.5952119367395153,1.3387126161154728,0.138381156364499,1.5964232753031808,0.5208968105672759,0.5645763671048336,-1.2091809767754873,2.1344247004249026,-0.6704999778167821,0.1849943614492343,-0.5140879808560315,-1.5798211568154727,0.5148424958706732,-1.139468352355215,0.11083374238345577,0.36314923138102334,-0.3129799446071533,-0.5414689453029421,-1.1296253558445806,0.03776525455255719,-0.8234222402079278,-0.510542073271218,-1.4542160886166646,-0.010843410616857918,0.07847036601819797,0.8720726817612443,-0.8009009255050572,-0.24061053121162856,-0.14062460058692064,-1.2533936289133634,-0.34179037190370043,-0.5481682614932554,0.8318051810147787,-2.277527566218285,0.01814103681126425,-0.5281368927583623,-0.21603270461110693,-1.0203411330042713,-0.3703610178366231,-0.3767747900552418,-0.5318879698624773,-1.769904141746714,-0.5800094710102377,-0.7192205048541499,-0.6555261297530183,-2.3808734991373495,0.13649453205337184,-1.015171564096243,-0.8271409456672019,-2.470118217225437,-0.6809794759779175,-1.381559752683183,0.3038179866019935,-2.853179112389077,0.5213181467891037,1.1132224824006658,-1.4631071347238376,1.496170097217148,-0.07405654611207947,1.5967857665154341,0.46726066642338726,1.9896456605223374,0.7952108437921954,2.9784750824732438,1.8640731830391468,2.2633950742957114,1.550973107473091,3.3387972047229115,3.3895327077900532,1.8875593592274464,1.6860361234808101,1.1031868778130804,2.437675564859988,0.5234056427457294,2.0748634134619293,0.6983163789894198,-1.253841525934342,1.4056381933010105,-1.8116648858221658,-1.5672316440074696,-0.998825632622977,0.02937816276898877,0.5098500973669443,0.44474934544252137,0.31100782464545995,0.10186663805997292,-0.5188382306341485,-1.2787733801804466,-1.6389835254690006,-1.9145610646141835,-0.4490629380657946,-0.4454245245194985,-0.759077301575182,2,slice_231.wav,2
0.7070395436399616,0.7062960075724116,-0.9796097718672196,0.5050640046231255,-1.2833936831424375,0.530551086888418,-1.3133168213706297,-0.19030733544787246,-0.05039285512981429,-0.7556791332943349,-0.5794952010902523,0.6725872237259202,-0.9904688078593689,0.5581509253029162,0.9602434542045274,0.8148367515619125,-1.0919639996701345,1.539237006849249,0.9941598859552809,0.04140678956621106,-0.712571659033736,-0.058834431033161494,-0.4952210763734711,0.8100596077694848,-0.932530965631087,-1.5854718949311468,-0.3155330884524879,1.2580018982157193,-0.1511897074918131,-0.4273028168873175,-0.7573911056132213,1.6230807496678934,0.27063500080713543,-0.15679348627871184,0.019117877590193882,0.9442899394074724,0.13798081522471717,-0.46546065489516353,-0.773422162194894,1.1444861001484739,-0.583800557560629,-1.6170975088141522,-0.43001268712801494,1.717873572817878,0.38401219488019334,-1.578835966308068,0.2242903573306196,0.8254269779320392,-0.049559176775877525,-0.2939291344849685,0.2652402872359694,0.6130567894021695,0.5408100038790156,-1.189030267330622,0.6874554222297149,1.4115119826871034,0.08912181744362628,-0.6152599713149887,0.21528439294296878,1.2309841609377663,0.76838904355986,-1.035444943925325,0.7617723258324018,1.6862567619810827,-0.4934968080735584,-0.6134736988629224,0.2779720261940067,1.4255772476304447,-0.1440226992788092,-0.7768158419025064,0.6022172715834007,1.1802510866492586,0.4226020348690389,-0.09375426210053725,0.5952938124000436,-0.026938238478962838,-1.0720895008329645,-0.3254888082589333,0.5479144855698748,0.47512953924454177,-1.5518495442704114,1.6516368012241174,0.8248525739803813,1.931741731225833,-1.4488285079872782,0.9131819785606603,-0.06931914168923703,0.6458097263700683,-1.0847632638598363,0.5696222543632149,0.43404832192698056,-0.0433599524481922,-1.2025046624529385,-0.2775827237697142,-0.38523049987913716,1.292646990864396,-0.5614348246923073,-1.121229619616716,-1.471421433404968,-1.5129357566921595,-1.6413023333028427,-1.5610934774090972,-0.08582195101455375,1.216679383250372,1.7062850191272096,1.0845972466904805,0.23508932454023856,-0.15991859554486,-0.910468271194298,0.13350163858344077,0.7703853142770413,1,slice_222.wav,1
-0.6202573678211357,-0.5555870458147482,0.5955085612112844,0.02240004299649354,0.5770492184665381,0.35438500678467816,0.40617302916048414,0.6354176328242445,0.7752735766544915,0.3879732494338233,0.608141522271779,-0.42600242097299923,0.48823256867922843,-0.5723307257945077,-0.7081728571607903,-0.5348201640646112,0.3412211926399672,-0.6622372173299216,0.3279243567668853,-0.2879945528786528,0.0378388772791777,-1.4041714790353417,0.49461467991180347,-1.0651155123725642,-0.3667040390727281,-0.6415049985669866,-0.17407962546146385,0.4545412532208969,0.14099738541996365,0.7430292021541692,0.22383134694568674,0.27852246217377613,0.17553839858969716,0.14219686881491886,1.4366722854101486,-0.8791591048304147,3.72978551717993,-0.0792684958974501,-0.17405665220898486,0.768277456999136,2.4013026050696515,0.9006647043030147,2.5591847704027106,0.47112285497536416,0.614804803418403,0.7780394826141491,0.6914704787448506,0.3808956753078288,0.47845100770566146,0.3794870945348025,1.8480061583673024,0.9072285721017578,0.2734833150947763,0.47813629210539654,0.30301042251578586,1.1901535152689384,1.7792835528729916,0.7136303118012579,0.5243959410990461,0.7252758520321559,0.1440917972564997,0.6697313001689512,0.014973501239794414,1.894468202722529,-0.5049210064315675,0.5065832582752448,1.6969055574825511,1.3466346975351218,1.0667203484881986,0.9881758034790235,0.8778022535079926,1.8778964585711455,0.6805378546287327,0.14226292761944898,2.0390340984505295,1.776135737411645,0.5027213617398056,1.7242349359507707,1.1471042743613054,0.32714439436691567,0.46032040553775805,-0.42222951342823684,1.0328999776767362,-0.5489927377510012,0.6254114037273895,-0.5340047920752593,0.6720724994643034,-0.5267667516859661,-0.11448265814733687,0.646543900209752,0.7584572823601188,0.16588447965540842,0.9011551985606334,1.470307411772444,0.33163024748942715,-0.20182594625939024,0.8115992579654309,0.8833222907184662,-0.05764312351033173,-0.9964897285161025,-1.0377133274718857,-0.9276498146257032,-0.5067203054745534,-0.2678379378009034,0.3188771148990414,0.6262048436526446,1.1784377867208622,1.1640129196079663,-1.1134866177708396,-0.4606282755610498,-0.36107763079173566,2,slice_155.wav,2
-0.3518695091309791,-0.49412984271822197,2.525573322097788,1.0184982505998668,1.8537666891975448,0.8452114957381482,0.49794044854482206,0.10778107262583314,0.31365469561547016,1.7300547189034368,1.5591938651348676,-0.6941065343145001,2.1118092496481675,0.058418376681460576,-0.9924691949911257,0.851923347184246,0.5031326852266689,-1.8785407611587965,0.8457663801097215,-1.1615095734063903,0.16182228587255154,0.4090037921585713,-0.7525901552900601,-2.9374571867522854,0.16653093406593153,0.054937749938032646,-0.13052109848647364,-1.1210564226598507,-0.12442407957153136,0.3529656352026673,1.0668972860541555,-1.1401151416313964,0.5718965239027974,0.733982616082224,0.14525548630060972,-1.1686875960791367,-0.5292811039980561,-0.4160407004866324,1.640854486015313,-0.7105818108574513,0.7353683787359577,0.48743621732449666,-1.2532217275657878,-1.538136529381502,0.056917516360461544,1.2697263725291772,-0.29147024687618456,-1.8712817778686957,-0.4703400465929896,1.7355083356888041,-0.16865352873822956,-1.1986575700723516,-0.734000451601484,0.5640834689892373,1.4027317619787243,-0.9110541729560329,0.01487635258265547,1.5061937867323687,0.17949506535000923,-0.37684700133939303,-0.2822437193811449,1.1956609133472111,-0.5829155220763464,-0.7820111694932032,-0.2658226648806169,0.903723306003979,0.9896505261215806,-1.2302725634605898,0.3061750874004569,1.0069227369295513,-0.5908634643110333,-0.6013097652468564,-0.7006081265973675,-0.36235264837287173,0.7546471441392569,-0.22414438192049824,0.7401155464727597,-0.16582853690259447,-0.08855758641019157,-0.840206695883267,0.8521751711341171,-0.26832531929961706,-0.439651629825268,0.33184546982953117,0.574977819624203,-0.24812950993786062,-0.856194223067407,-0.11524998351416729,0.5294743327273621,-0.15780326291563238,-1.0013797821866657,-0.5811776748372331,1.1915803602936803,-1.0331851213065735,0.8115027170762893,-1.077760946454617,0.1773436496809175,0.1230761135972558,0.47169290346816417,0.5415499874054633,0.26446747038892315,0.5109035845029152,0.44613467581196264,0.19098466653981758,0.6088045487003072,1.1897132660707062,1.2376066135388921,0.5487961428084084,0.42517874575663445,-0.40082337978897786,-0.4535341693210145,2,slice_123.wav,2
-0.35945369025439516,-0.34980714341950153,0.7299710220228758,0.892285037480783,0.7987712657647177,-0.29560407689155543,0.3491782521213918,0.9266718361910617,0.11989511675171065,0.2874878464015645,0.1887476262610446,-0.5565257537587578,0.6944715581350204,-0.16929856548659963,-0.566309621266528,0.26544124620043164,0.9663916361965595,-1.1048822230877975,-0.5612145581835151,-0.7350097632107694,2.5681912453835523,0.8655039281825733,-0.1058166424718296,0.4592603674919283,1.2535435866718048,1.2316008337519662,0.6899248850786396,0.011942571071597286,-0.2767469914965457,-0.11425979584020135,-0.5423896757406678,0.17392868614934767,-0.8067639734521916,0.8816000988147609,1.299281079152187,0.4681772106798897,-0.04303123376641052,1.0084622097091993,-0.857518938122286,0.6216504106353178,-0.730353295177022,-0.10493557299060417,-0.08180964393392151,-0.10402058875628259,0.08016338558949258,0.11464664648784617,-0.04676027294875796,-0.20660427481022198,-0.09142412181575851,0.9168737447041435,-0.8380970217174946,0.14946992297308742,0.22764922816951338,0.5592485598014436,-0.48793442670825493,0.15197392724039469,1.102559199009136,0.31252837786169047,-0.3861111971112532,-0.3068885830600289,0.48868496818984947,-0.22513900576052187,0.07433230103489898,0.1447869540430753,0.19550899714811706,0.30308559809264823,-0.29397131025325113,-0.07398691970768141,0.5074297263095755,-0.2100270943888428,-0.6468359674049144,-0.7347852339436982,1.3409743425141103,0.45116915248190725,0.057065251900165134,0.6440573554713602,-0.42776216422065494,0.41430829372303113,0.14116946426114377,0.7220157153031111,-1.045669072823858,0.2191537082568707,-0.09953705342556407,0.46717835365233984,-0.8452453627893927,-0.2938531398090663,0.046975566613502016,-0.7134562660920599,-0.5822686819304791,-0.1346824356854039,-0.38452857063795437,-0.3174681073348668,-0.8308389335222929,0.38567910510486264,0.24448479635819692,0.08321881147580838,-0.24543113813604736,0.37947293787020353,0.8024821662599737,1.0550237436578427,1.4580554028449868,1.2644473292644567,0.5387592413674779,0.11025673948929539,-0.39266697644906057,-0.5459014492447203,-0.6192255249624943,-0.6637875411629852,-1.1134866177708396,-0.40085897638859896,-0.09471159408736185,2,slice_202.wav,3
-0.22089486916305376,0.28806443393839704,0.30019243471217316,2.9373357987163695,0.9687056522180977,2.0325244563420894,0.9654708399093601,0.25694826249921776,0.7633000651873871,0.658000599346681,2.53935269887443,0.3762010074426109,1.1562996658317684,-0.32011386295646527,0.37621433600801607,-0.21953655809258457,1.6650780510507963,-1.532454964584078,1.1630963345317389,0.45292316772258984,1.380147076683587,0.4757678722908937,-0.28184924503898684,0.10544187684854978,1.0112720420159707,0.5785405104821251,0.19093678578672438,1.4030812171050657,1.2098139767724778,-0.5847080403016146,0.2235631447239066,0.21269215434358504,0.8750426027677533,-0.37440539623994956,1.2907404529591124,0.3357743324510176,1.8412252797123485,-0.8972356538347148,0.2619334286153533,0.6233138638783554,0.10519469358922068,-0.49793728212935345,0.5632779243195887,0.4006761370325212,1.334981650814438,-0.19061223954768258,2.0246660073429514,-0.02159571118204824,0.24131273049148974,-0.08656682904544086,1.8062693734317095,0.48952801110707894,0.7255225244096131,-1.0711642367476744,1.1515864282040649,0.047024023277873,0.5303501781361208,-0.8130273287359749,0.9245808506847768,-0.37803605048342465,1.186669595712408,-1.072235192236038,0.9277121948014789,-0.31681924038684334,1.331609729924075,-1.2846891886234275,1.6696716484234428,-0.9441551863377051,0.9162018937408943,-1.2740044685048773,1.0842175646929564,-0.75313406248231,0.248788958346227,0.9347451242378721,-0.3270194081874731,0.11037642542543499,-2.0623268002239072,-0.03673107130093289,-0.23057671359556767,0.22268932114595708,-1.6789209501327338,0.6556726099217094,-0.0020864409842335065,0.6815691328471202,-1.1622756235128833,0.045522141250876495,-0.18193603150801527,0.05398873500811395,-1.5536804846921048,-0.4226181489427028,-0.3097597676837995,0.20782069069968118,-0.9720818865440299,-0.2155625850210685,-0.5594506309529766,1.1282105269562144,-0.6734507315009748,-0.23006916523672064,0.26231997819877634,-0.1511107679517872,-0.5843463111792163,-0.30815441227107393,-0.11867756042646257,-0.09389464735096374,-0.2834631682395487,-0.4865623088070048,-0.6755438172628789,-0.8443464946992897,-1.3008881684568783,0.001425289423507116,1.5234889451081346,1,slice_116.wav,2
-0.9923768158849271,-0.8721461887457979,2.0101550936456376,0.7240605169485815,2.5691718710386837,1.2013776941752168,2.578733753513473,0.31551848508221464,0.96365976536043,3.2653420851913815,2.548823371486856,-2.1418162492480697,0.5609723997166424,-1.2622529461277963,-0.9390796100287603,-2.487599029578881,-1.1208964875033625,-2.1424065041700793,0.3668519497798785,1.1838053542148468,0.2348727563955768,-0.35612446124447306,1.4561563857441209,-0.5671898446802051,-0.7562660640963665,-0.7520594453512182,-1.0392258498302516,-1.8185862554757113,-0.7932261555044072,1.2713453472960907,-0.8668453571569471,-0.20718242749057397,-1.360890455841448,0.8297391345049424,-1.5342944408942674,-1.4327066558551595,-1.281169933226762,1.6101187689765368,-1.5957789949642462,-2.2209433469167394,-1.8868328877253249,0.8194935332823353,0.21630473217165036,-1.44679421145051,-1.5986088945718004,0.9505108602284095,-0.7064008532582466,0.2530020404645109,-1.2414545208011785,-0.47264654993815,-1.5450842807302594,-1.7285375893380932,-1.6724176979142615,1.1725873096334014,-1.3302700383129125,-1.84392464224031,-1.6743100795384844,1.180306206911061,-0.8552319857887537,-1.593056747113228,-0.6904691743295542,0.944534898825898,-0.8890449049099023,-1.6668286351269241,-1.6538725968747294,1.0769587448453728,-1.1047400509753973,-1.847533050294041,-1.561098352711875,0.6585311035575209,-1.707604184364929,-1.5509133928231682,-0.7366497503434495,-0.9987167783069549,-1.7251753256194475,-0.8020374744700275,1.8690221766153725,-0.9809044626285558,-2.25855488907541,-1.2767111953384942,1.7169301902053238,-1.0665736091153535,-2.0344068821322945,-1.3091358655329115,1.702128580955413,-0.9025067364827168,-1.8596250063382531,-1.0621031669384873,1.4903245492184778,-0.2114181669540557,-1.5974109468620155,-0.5890632802662841,1.110435739013315,-0.7541494525821931,1.6284179173862325,-1.6909670670374848,1.017751765689012,0.8554722013874362,0.404274425571673,0.38299989971715936,0.5583770165150056,1.4954006451825224,1.2044693831176008,1.4035664229326885,1.669076380241826,1.333648140912891,1.4323801361310013,1.2185673931715553,1.1794264729759831,-0.5139578754626215,-1.0629921166867211,1,slice_051.wav,1
-0.6600997654615921,-0.6674709413489093,-0.10564179764209393,-1.0942654460471484,-0.16241997245935805,0.16565389082841253,0.2539989052039852,1.2525844469744811,1.3855208939857655,-0.16121891280726322,-0.18869550340524732,-1.030384389444229,-0.7048200166566336,-0.6543952508303621,-0.7519264866028987,-0.7725932857799135,-0.003991699082186334,0.4884573163196104,0.4803885135300972,0.4603019821152378,0.5798496667573757,-0.9355670340190602,-0.9289273457325672,-0.6210154135185056,-0.21877260796354941,0.6403610310687503,-1.0891346053883264,-0.49089863925847854,-0.38054525346662743,1.5624465858148617,-0.4884091765782432,-1.6357651374403626,-1.4208931713873998,-0.433490160189785,-1.0294257482034086,0.24450753143816908,0.5279145696655237,-0.04284606422611649,-0.306696983182727,-1.3304646345823714,-0.9759349655785401,1.7889295403827554,-1.352327856653275,-1.3789340090652318,-0.5904667601735307,0.14144049464408284,-0.5776807193439076,0.22467049788320423,-1.130320826923554,-0.5428560875812827,-0.2591093527326386,-0.617963022568215,0.19672790999083384,1.5056075018215986,-0.29199699736854984,-0.1667014382974492,-0.7861554131369316,0.06508411618610749,-0.5053808312731551,0.5118974557514913,-1.199462126119304,1.3019502278716564,-0.6689506429002073,-0.31527035804392955,-1.3077085355684994,0.7102255906546465,-1.2049629667360537,0.1209396163341943,-1.2903936778411924,0.7594937649297314,-0.9628942141270668,0.9366393029227666,-0.593924278665934,-0.06959090879062299,-0.757234458256685,-0.7034876830539902,1.7236731700982566,-0.6541121828239452,-0.3873397636677507,-0.7166872741261097,1.1504080848500633,-0.9270625083017147,-0.47307195018406123,-1.0299408754350803,1.1410366103434582,-0.9158582410738794,-0.33935084256658454,-0.6523354785375075,1.0472583487135396,-0.568037058636675,0.7835659061675813,-0.8124271923676575,0.3729247067182956,-1.5087141582430563,0.8004733643353512,-0.9802903243173351,0.7093592294779966,0.9037147261712036,0.891142042978449,0.7638109813325128,0.5869849343299152,0.5669088832288532,0.34878056188669115,0.18117026946815296,0.13305256616941255,0.2188798439146503,0.4220343607004632,0.6346181337933996,-0.910468271194298,-0.4761253864873865,-0.8214210491234583,2,slice_027.wav,3
-1.015652548057256,-0.9072061162260253,2.558187990971249,0.11426858999457674,3.1825548354521427,-0.22783083787361286,2.998875738920995,-1.5340406931946236,-1.1001481758474025,4.210691228533446,1.5079524025283249,-2.362116716066946,0.5387434150230589,-1.3124864304465873,-0.9025150024098628,-2.7430168962050794,-1.6868741515174168,-2.709015687115643,-0.9678944225864478,1.3356598413009537,-1.2037596156640047,0.12135138351840799,0.43870169646156004,-0.32457176162126633,-0.3981472959314803,-0.1402620263207254,-1.5731120147230966,-1.5702645126606896,-0.9330668570677462,1.927592389424587,-0.873168384603053,0.3953661110927642,-1.3401752241808556,1.2637640009240252,-1.6042793419323225,-1.3811940981190933,-1.3709167025844113,1.6886329778955058,-1.4479674510679441,-2.3376210256105963,-1.8870984147917447,1.2699097407953708,-1.145337648723167,-1.3866256067934721,-1.6744725036021129,1.1444236897556659,-1.3067947995012217,0.49268727622331593,-0.7657132986700018,-0.2507605574270273,-1.676992741478025,-2.1716126463214525,-1.4427331428019536,1.03624592247365,-1.6264865934817814,-2.6241858753161305,-1.9688814239437393,1.1700662958133352,-1.243735059016301,-1.6614787651070246,-1.4442065185663864,1.1726226687974866,-1.303182832362917,-1.7090637132282536,-1.469400231905401,1.2733806194024064,-1.094609178833616,-1.9660710588278714,-2.0584724392895297,1.0434004407632198,-1.552376137693764,-1.6857339663476087,-1.1551881523499128,-0.9483117977947448,-2.5739231520774455,-0.8370246905338707,1.7060632307979844,-0.6221205635686209,-2.966614923987803,-0.6053499520001514,1.53898653980212,-1.4083278370861176,-2.5278995549573153,-1.58483939552994,1.7920214841097737,-1.200592181547105,-2.613497928743099,-0.8201131304244733,1.1853941637906154,-1.9880812067826552,-2.580908598558392,-1.5625205188893851,1.2330412709654934,-1.9500090613265164,1.668301694744973,-1.628143163262125,0.9512800376692849,0.3452382706855116,-0.03447026986970173,0.28345002724272367,0.25857863887312194,1.1186155067385717,0.9512303733206311,1.470874408284626,1.9437520619588375,2.12804064667483,1.9606169492571306,1.4907713814393848,-0.6897961553502309,-0.5151121178029351,-1.1309137753976886,1,slice_094.wav,1
-0.36229806159470496,-0.5677641247210793,-0.46377506533644336,0.7130309607441059,0.177555524247298,0.5548438574887987,0.5796544373438074,-0.7561284637817249,0.12230724721963428,-0.10219103152621985,0.1644602289372113,-0.28846189774505937,0.596056758185873,-0.5169777775232844,0.39727771205054546,0.0661775723345086,-1.308817528400413,-0.5186790029739811,-0.01714064653047075,0.30167858220899635,-1.0757776626446711,1.0115040879274055,-0.939988107272476,0.48348829027878754,-1.7676684688542563,1.4997109740591477,-0.9897542952444627,-0.37945747749862113,-0.42950259565322535,0.34453894552626546,-0.42193522033944714,0.5399492203684195,-1.381638994391421,1.2584284975789872,-0.6994743983889671,0.4681295948281013,-0.34436477080025873,1.8811792479469418,-0.38606997391928705,0.7574388008543358,-0.3359506291192855,0.046739927535816475,-1.2393471040136494,-0.2554457397259091,0.5568312330649677,-0.0436283217584021,0.16983093675767447,-0.5426047323192236,-0.7970926691277742,1.3862439818736156,-0.0013952009059557571,-0.6747729744073545,-0.1205769388079967,0.7997592701238028,0.5784108899840666,-0.4753945917287468,0.9577784260362581,1.3197327389298543,-0.5275754877210319,0.892620217115063,-0.09073055791937118,0.6414401745926269,-0.8088970408907674,-0.025260483758460347,-0.5186071771297294,1.0991397455535152,-1.1107379022378023,0.21453663182524177,-0.05307523397147877,0.10338458910859961,-0.5200536374294302,-1.21581663337373,0.018048109044596007,0.08839593644028416,-0.8082401703094882,0.04045278902868324,-0.28363266012757926,0.12673936939046054,-0.26620371261678905,0.27925566684871883,-0.6661799589995325,1.0242258500847607,-0.46545190359214017,1.0672782160932963,-0.32545184089504564,0.9271401798644355,-0.16936793908935427,-0.7084310369048888,-0.39378252753105963,0.9569517826920095,-0.07744797016352813,-0.45944978853581603,-0.2884833150421069,0.5637935816897303,-0.5876622172741371,0.7741808741537192,-0.8024824982513368,-0.7088436597744191,0.13058048659946261,1.088952888874367,1.7859979469047143,1.0848497579287693,-0.49396864632499915,-1.2335088541098422,-1.2668157134076148,-1.0246209868942135,-0.9825938287080185,-0.9897947266858823,2.134806927453827,-0.47292053896783626,-0.7159639475364807,1,slice_223.wav,2
-0.2500596140600699,-0.7091307484455732,-0.26952894573648434,-0.38144340678409105,-0.530312959805965,-0.913548601147942,-0.7088001882427158,-0.5362610021369626,-0.8054448235754009,-0.5142750485463826,-0.6168961178240083,0.06804325812750325,-0.2784790579648831,-0.043652055340833516,-0.4131333863515519,0.5023707744043526,-1.5092444540203045,0.8670737555603119,-0.8770821208352366,-0.7319236443238984,-0.5263999389385067,-0.2390245045183985,-0.6353095184660691,-0.1007451045552249,-0.7504147636608085,-0.2036860861525579,0.06020463678669259,0.001265628165670001,-0.6316927536544,1.1248761598213257,-0.9741474103679394,0.9273075309333788,-0.7141023174455681,0.9990487260268067,-0.5093839357422458,-0.08531773152651087,-0.541986804140586,0.5448803699385723,-0.5308618164257116,0.34155752795243655,0.09611849568248053,0.6197984834001288,-0.3053376581919449,0.5599482771689246,-0.422355194477003,1.1226879372787455,0.08073085996233077,-0.10546350692805705,-0.9110427513991549,1.3201027975996626,-0.6794584664844714,0.3004392538924272,-0.5516870235616563,0.7115812886286637,-0.6596470243114058,0.13137284593445336,-0.5646128355653174,1.0996983540603622,0.29973554920497175,0.06187031727203034,-0.5484313248372852,0.14697628792994047,-0.48936174393862947,0.8528192360187881,0.03274166232235351,1.0364189975728009,-0.8092205364075766,-0.1856909835801567,-0.22196287056739183,0.717606402603173,-0.050919159302416465,0.4180165303775226,-0.3953370973702515,-0.38525902960790737,1.1205595513629802,-0.20322482268803144,0.7589653045086262,-0.5598048959059836,0.7467911929575597,-0.6390680862760661,0.6027337665780204,-0.46913573982653695,0.5574517098780295,-0.7529415559408771,0.33143099850252367,-0.7947183461797624,0.00458969759070806,-0.8927324423957669,0.395302609050154,-1.243329880956849,-0.49339516683252155,-0.9940216258790665,-0.25226006362888126,-1.0940544242052046,1.4868140366110667,-1.6165312693710883,0.7140333256256398,0.6782195979436828,0.26537945788170875,-0.14007959354770752,0.0037073608612601047,0.6362300933719865,1.0842537885513128,1.415240325588514,1.8958233055152425,1.97320490882165,1.7171834469089644,1.1307603437243896,0.10462346168841025,-0.3547828325337546,-0.7367424707570056,2,slice_189.wav,1
0.7825355920345942,0.31713813721599826,-1.0584754582542597,0.23341196316507434,-0.15041566900671488,0.3501970005394508,0.3453098651938922,-0.36247315716953726,0.031225467784276054,-0.5080459042718147,-0.13256899265322167,0.6898488997612449,2.118886437972712,0.23451610704270687,1.9402911530653257,1.047185977539046,-0.5516823292131641,-0.508213713261969,-0.2521719937782956,0.36169717175755867,-1.1707829070171496,1.4048023389600461,-0.8657011131927387,0.5690321044232249,-1.0783602663625653,2.245774836238717,-0.7435308416245867,1.0619585023739937,-0.591655457875768,0.8879884664499106,-0.634714555676907,1.7281959196067003,-0.7968928508040034,0.5972217892250516,-0.5940748247519527,0.4232998183778198,-0.25551849848749447,0.21344098694179067,-0.2807277314925226,0.8990911738158545,0.017617456445146857,-0.7300217793742141,-0.7584601701353424,0.05364881029424327,-0.6964791977865606,-0.7257948470425655,-0.39739745397963555,-0.6269057490652987,0.22057700437939357,0.269276573984607,-1.0863045836342327,-1.0553170760406858,-0.07169046616294701,-0.6575934134074537,-0.8078032423055275,-1.3510822212815676,-0.8273097805916878,-0.797747076824949,-1.0004742083659255,-1.7458027441129222,0.384887938602912,-1.3109519634400406,-0.07352532662330195,-2.313994445766701,-0.24944193601807607,-1.2425022940666763,-0.4282476195239851,-1.7305478808910681,-0.5251624401264715,-1.0383581299724034,-0.43230449301595364,-1.008555549613449,-0.3923440999825388,0.26115420509890613,-0.8397251707651999,-0.4970781261455914,-0.9381799546412167,-0.5229007198758112,-0.04713363083111246,-0.5697356879238795,-1.324138474663314,-0.16397797816110157,0.23527289897568965,-0.40820555272401254,-1.053958267784333,-0.9412914684962441,1.051777601116528,-0.8461043158124584,0.1777457443072084,-0.6855279213007632,1.8063862963350683,-0.224071543611599,0.17998199060481043,-0.3759350089181807,-2.3875214051420457,1.9175762181204066,-2.292002429532612,-1.9123650209560101,-0.8524402345204158,0.7987805874008034,1.384412221808903,-0.37375710470471996,-2.264616530678643,-2.542251516382567,-2.4321663726362646,-2.3178863053244947,-2.4729070085227636,-2.419106680794373,-0.6897961553502309,0.19762489688458873,0.23135952067656032,2,slice_229.wav,2
-0.3511346147587788,-0.5221320541825787,1.3938124949496578,0.01659069183806783,0.678573735939506,-0.09021916469588265,-0.2987838326504905,-0.25936098408369734,-0.4276895614284898,0.27401026173252024,0.08940881922126301,-0.18262481663535227,0.7258833849190885,0.036376368389756504,-0.9508117631881132,0.5898674458383485,0.30353635649625066,-0.4982942758337488,-0.04275194318596375,-1.4474924630828132,0.0502910127748633,0.20163964995947967,0.3534383741361125,-1.4891850412314225,0.21624833907912192,0.6901124431651764,-0.2754462884371299,-1.1371525139465766,-0.1754668214567606,-0.33898392935597216,-0.5086979276735955,-0.9033727111984461,1.1487557850603856,1.017026864926126,0.29607434483595657,-1.6732422107834235,0.2647419116593855,0.25926192818867033,1.4680005413677948,0.052432528550449636,0.4807291091939018,0.014593916421475589,0.20002489796446438,-1.2112289593558163,-0.5717640412788085,0.8673337728234094,0.5095493773563454,-2.2781857456759984,-0.11245917152269423,1.6725490330226902,-0.11069829884611306,-0.45008970538601345,-0.5174591247413732,-0.06803440544735685,-0.6008766047150746,-0.38989018128467784,-1.0705898954160393,0.7500651093923265,1.0014483885896657,-1.9478959480806373,0.40109161434402996,1.09851479067432,-0.04556633687177489,-1.4930404253403209,1.1647466666884547,0.6159090393943644,-0.4301472468181994,-0.4727587484279009,1.086670919556039,0.6654454305160473,2.906778207446669,-0.11479926873424089,0.12672706577511814,-0.3281101670718782,-0.5923214862718744,-0.3069000137808875,0.1640176019014424,-0.4119152374220255,-0.3683346918933825,-1.042797172994606,0.5784272967446413,-0.12280973783923685,-0.4816226860181336,0.13911864059054674,0.5100816242309125,0.6301125381905426,-1.5697767404817444,1.3770040741755512,1.0055259398330485,-0.154512983490495,-0.8917497437306716,0.7098281203477903,0.5200382099572556,-0.5658865003086962,0.7229696451395954,-0.9932421846051741,0.36309871739033844,0.7021325808189308,0.9684065664760702,0.7908611560768478,0.31994998447052586,0.15210240370778855,0.5223540884725094,0.03360290353854454,0.058754868699755575,0.5244427493133319,0.7249170623175054,0.48220321957483475,1.1794264729759831,-0.44959860675603536,-0.41451779712406805,1,slice_160.wav,1
-0.11142597657895707,0.1747367926047558,-0.08371048799167967,-0.4099755924878973,-0.26066939945411277,0.33777569396694884,-0.14738393799003746,1.6563782453572882,1.3716449760593685,-0.3139778893586793,-0.13921167135540807,0.033720099047132836,-0.48656422266745103,0.27915541737632904,-0.5918498452940163,0.09457581695092449,1.7568513920568931,0.43055484155691587,0.9720024234511363,0.2853030847485217,2.1391502297416487,-1.4568261593123175,0.5032704881587152,-0.45755515353217385,1.5493268393604265,-0.6080883757408969,1.6234818773992612,-0.6462577815166033,0.5797915228271816,-0.8109933129836374,2.3189367542026353,-0.8203705117321944,0.06629652580609624,-1.4272652564777137,0.7476645518525209,1.2068715728239428,0.6035019976254348,-2.2134104411970044,0.4092333267583015,-0.7575836057013294,0.026354919375946587,0.18873414271236907,-0.09469169560976969,0.07951934980263486,1.6500022232404727,-1.0307642750393737,0.07995212658902842,1.4701913278813485,0.7247601338620661,-1.589166175937454,-0.5777586239367845,0.8547668991693594,1.740325958725724,-0.13277849769006939,-0.3248841184139596,0.5596509690142976,-0.5134085538453222,-1.371852216964888,-0.19860565038871222,1.8901618371394853,-0.06914037416621789,-0.166313057226497,-0.12052706466298302,1.122164757232655,0.07860304228010752,-0.7652341746895533,-0.15934632172963517,1.355627667106774,0.0903694935040401,-1.2953476195696476,1.0157058543728668,1.035019698068156,0.8495539811176891,0.325919624538762,-0.7424762296587725,0.1593672515294761,-0.8371120274109894,0.789348210613422,-0.09413501548284217,1.1414664966143058,-0.6889637342349121,0.47477689110524224,0.6450358499214521,1.8170334150328056,-0.21494967443990112,2.5461223660981576,0.8253552828956642,2.915943261048313,-0.04924689421049479,3.0285693218474887,1.7630550073619324,2.4949569392659314,-0.6852889770782988,2.108781012282057,-0.48613589211226965,0.49015228630812485,-0.44335334271306764,-0.34238196144928823,-0.3802271564602363,-0.31898825280688325,0.10143384148986143,0.13852036702316836,0.3539279519268597,0.11226916494057528,-0.3740027318893334,-0.7822483393058658,-0.706819973660086,-0.6219793822850509,0.42517874575663445,-0.06140705625544462,0.35652923229692035,2,slice_008.wav,2
0.2948012360022796,0.5479883746664899,0.1110869816381701,3.4408477240636186,0.004674774618784642,3.5650970719543733,-0.03682434434911138,1.4233353298438693,2.1212849041842774,0.36055021875441745,3.0135618130383706,-0.010551317179354699,0.9191489042935093,0.27247808632658077,0.4839319330238886,0.7222183948125053,-0.7786750728299362,-0.166490521689543,3.0012888157979467,0.4031251910630309,0.6684009813374995,0.39431829823431325,0.8589924922867771,-0.15638211939569358,-0.2635172381783809,0.2900227417888473,0.4559789221029074,0.6093840191752503,-0.5249235823022785,-0.2214109915641959,-0.14304190309799356,1.1607135669748303,-0.2093106610187744,-0.6732733412134004,0.6467923729302257,0.3494738148834665,-0.9374229214684968,-0.4622046421227285,0.26348128470535925,0.5306319885084915,0.3854353626680076,-0.9383497885222413,-0.4242483207832364,0.7978735483396853,0.22270713857743207,-0.6881813916894034,-0.5071888758540715,0.35702212710503994,-0.7592601846520655,0.15338159385416794,-0.7355099035555938,0.2356808978737117,-0.5197194538207164,-0.5112949845501407,0.27581961713084974,1.064231179145707,-0.05713935726631331,-0.059240058185407306,-0.27034195069345673,0.5124906976383463,0.4557683600552271,-0.2910554908141644,-0.19054244359813607,1.2221166144239914,0.544598474710108,0.0003270448181316545,-0.24377925136436465,1.5600886981330837,1.0452114088286637,-0.14692005432887287,0.4533244664037312,1.2750604248681907,0.3652291222375588,0.2820543681655966,1.5763533592367436,0.2977276449381177,-0.31829131107951275,0.2699875601710595,1.3673283852487341,0.5928903445709851,-0.7567121493113155,1.6682899275965128,0.8931929085889225,1.6459557997052991,-1.5835078138206282,0.7701978693272246,0.7095163765404867,1.6497925153218747,-1.6752927113843963,1.4370710725426237,0.13694196677585693,1.7078346137185267,-1.6315710877639489,1.5560382172287344,0.10636386908016957,0.6690995578214666,1.1448617135169568,0.9365026613840547,0.28756931842631756,-0.6115547589271868,-0.8944966205168254,-0.9685619514702684,-0.8723628431235159,-0.7287362764178896,-0.363175450946154,-0.09821627355135887,0.4985545851938974,1.1426901465521566,-0.6897961553502309,0.09477859865666334,0.8544891173111072,1,slice_210.wav,3
-0.6759402885108298,-0.5243859113009209,-0.4984766501311969,0.6757828491967486,0.32320788472782014,0.19292905157997978,1.1324493444341162,0.4476511602297726,0.8716850916741196,0.017105740364322206,0.10314365124152823,-0.6006286954403367,0.4345458291720948,-0.9620383066530652,0.7809961947702241,-1.2078033107338246,-0.0835233878940338,-0.5061361039691068,-0.6432645889558654,1.0749595753444634,0.6681192987190122,-0.4446926127140494,-0.8484779423190769,-0.01809614995431867,0.2270583102624951,-0.21352332745206412,-0.9411105571296661,-0.4015242659725151,-0.18666894585047947,1.052058881535432,0.09788479299766845,-0.1011734394128336,-0.22135925108753787,0.5798139113689864,0.8500290064677097,1.140141244593606,1.0194197892229924,0.04150089495711739,-0.019565472355945895,-0.7217062422453671,1.7845160744042967,1.4605563257677616,0.055601896256945275,0.8181353294853472,-0.9009627578130929,0.636610253653182,0.2678375269161339,1.3717998471149935,-1.0401703336282915,-1.5555382106215971,-0.4190174087153397,-0.5961791855035535,-0.07383577306349717,0.5880389180467392,-0.07761562607173961,-0.32933208547933085,-0.5969974816016446,-0.6900600822827391,-0.6945799528461981,0.7244574988995862,-0.6918911011582419,0.8032776011238496,0.007024409263920485,0.6397452182149912,-1.0152353663349551,0.2412768322718061,-0.4750977546571436,1.2524294227589396,-0.5501711546330941,0.30811387895969894,-0.7250692010872504,1.8053276396678366,0.5394285213352026,-0.6263548135072864,-0.05433156850553229,-0.32285705095203276,0.6557384828491237,-0.285422962667931,0.17275022591746939,-0.45113826493995174,0.6043557011632538,-0.8207287882317047,0.6460448924111465,-1.3134751393835713,0.43046057203828986,-1.0284145783472114,0.7166361851675486,-1.1359815363319998,0.6831968553907961,-0.3901535819106327,1.3019993421053397,-0.5042984197172558,-0.622025799326962,-0.8209000870064688,0.6295752665559521,-0.6054515789619614,1.8070797755884966,0.6658465474727874,-0.5381845933108639,-0.9574847971524254,-1.2177391185297606,-0.816877383070607,-0.024544496582334558,0.5590340377590028,0.3799532260737202,0.5006653571299231,1.1837668137039867,1.9039273304112958,0.7813512836102158,-0.45398422834988517,-0.7664254580335157,2,slice_022.wav,3
1.7561936072197528,2.68265138382884,-1.8965195384814004,-1.1640620533532524,-1.618182909517636,-0.4591148892504386,-0.3892902260554793,-0.30781688132566554,0.015279611805261075,-0.9577025524230505,-1.1367988578945458,2.174464184279778,0.9038715774611901,0.8258394259168292,2.3565130272538957,0.14298272236177867,1.7889276625518435,0.3411361854481182,-0.35717353483197595,2.1456791111484756,-0.6083685434131266,1.588916271629056,2.1555414355400875,2.593491918353909,2.137468254418972,-0.7269031633679027,2.5824926548674743,1.0815788234640347,1.5090631923659796,-2.760027309950188,2.390567378358072,0.8374732905746392,2.687519428815133,-1.5067646507924823,1.2078300398057373,2.0164266491142575,0.15496243834723067,-0.8130807138417765,1.1251396016668764,0.8587646823646007,0.5004897047062394,-1.8146189954992784,0.5877976915595299,1.0772023763282448,2.514321749626678,-2.660045582028533,3.9545819572518868,-0.188559607348154,2.0242757629776365,-2.823111569430168,2.351508487830023,-0.5145155949122423,1.3733790111535447,-2.931125229548678,1.2719385653836663,-0.7681060296598906,0.5243204583871367,-2.6825385098721926,1.570430143894554,-0.7551680630079435,0.8504271452059778,-1.9675700001615313,0.9527126105026532,-0.729338900268819,0.5715527954614712,-2.1068704731419396,1.2861173688428524,-1.2242500300627652,1.3070007062248177,-1.8596933910981337,2.7617137512946277,-0.26654625000573107,2.130311568274539,2.359662412282437,0.1277653067605731,2.6156191144900203,-0.49149647318541084,1.931286675467568,0.6621434026053713,2.594166038386259,0.20970068405341047,1.789276871502365,0.9337017649434161,1.3822611634258313,0.10191160029858479,0.48139874761096774,0.9242330692243846,-0.09549908272876122,0.017768018527660474,1.780358254576852,0.8146831466036505,1.489986067264062,0.5417497025164602,1.028765747069458,-2.633978699458422,1.6846592534000606,-2.7195204030143563,-3.012511645708994,-3.2671892489493355,-2.56880350212532,-1.3405889592820546,0.010766570594109532,-0.23116944906180434,-0.2722695555499972,-0.7351374007056063,-1.4618338216155207,-1.818075451182092,-2.2849737327605157,-0.4490629380657946,2.7257128602345935,1.9302131664401287,2,slice_245.wav,3
-0.052670998910003895,-0.5349232016591959,-0.026934797482200942,-0.22924914190244844,-0.18376780497053447,-0.9796495922378303,-0.5479154219186191,-1.9053491834607073,-1.5883827528523253,-0.42638348792993197,-0.7223145310652436,0.9517251639839174,-0.01602959754306577,0.0679010965179561,-0.08022306693827144,0.9023524932416921,-1.6064511649453361,0.21156040334976675,-1.4450380527628426,-1.0042745354940672,-1.405793361258545,1.5720352398459203,-0.8971643778103474,0.5399601603388791,-1.343669367176459,0.9033773717367696,-0.892270494519069,-0.25373633464088735,-1.0839581340190692,0.8830091343582805,-1.4829019478214376,1.0150635939609534,-1.5510668887220982,0.8907018398151196,-0.8243690333883597,-0.9382519600355923,-0.8973396186572444,1.946460915343509,-1.1470542526323224,1.2451961978692438,-0.6487244974702564,-0.160419629143959,0.14447260208367266,-0.6964288196165265,-0.4407071212952758,-0.46402949164002577,1.0692080803547117,-1.0534774928779067,-0.427407570117959,0.9289369043868836,-0.3548755396102662,-0.59349448736898,-0.011540006628116889,0.3979428177832425,-0.4346400682486459,-0.943189715537404,0.09903959384129898,-0.20028019033779856,0.9709546047770389,-0.36892770315681356,-0.4739498177456638,0.30175306702841986,-0.9365069689075746,0.3883785587428513,0.3178521334364694,1.227544775086766,0.2507217838908735,0.9088701093651625,-0.2631665965443849,0.661390656113007,-0.49462489068632154,1.3820354700701567,-0.9499432562308731,-0.23630250127375282,1.6238553320646507,-1.0225467116053921,0.3395210081692959,-0.518889099028915,1.249141588064659,-0.8938654898913588,0.34232509603443073,-0.4425499232904948,0.4714634232374642,-0.26886839445807925,-0.02117937393005737,0.03119532731448118,0.3653797881634725,-1.1998114474423853,-0.2191137878535624,-2.3272476228432715,0.44773273446987005,-0.39365644235640584,-0.13173301756875047,-0.01845500666430024,0.6693175015374503,-0.3506271724424442,0.8141884424072998,1.2357112779423356,1.0965478889674658,-0.0041479318917554695,-0.7762014809857136,-0.5496779665300323,0.4472781242541124,0.5679614996013802,0.6535200231926269,0.7036324186276819,0.3342641306662976,0.1675121482753016,0.10462346168841025,-0.4527959303510224,-0.5048945968415212,1,slice_178.wav,1
-0.8215747334633247,-0.7523262876803178,0.24802649682274816,-0.4126443408053663,0.8776190946846978,-0.5104394636010258,1.4732730884931204,0.07270608927513075,-0.20425289875411692,0.4728498327155108,-0.12037451404129872,-1.039734766367441,0.43779760861992695,-0.9861636474640589,-0.5922419951043956,-1.3520220444691955,0.04251871603594169,-0.9550850950216359,-0.7707036892337622,0.9456253916773978,0.8504040061801321,0.15458257675831055,-1.0315786931941087,0.38315521877030756,0.5381952323729755,2.2057714834108273,0.47010356374708545,-0.9277423855412364,-0.15425727891574065,0.6156749592460158,-0.4802503511658145,-1.7098547361710867,-1.2976579169019702,-0.34038450503428386,-0.5356462198380127,1.1105363018585765,0.9527242103656192,0.8231269187916976,-0.7345088437768533,-0.9157667858299431,0.5562970834292841,1.3634757523745447,-0.910074662032005,-1.3164135540576893,-0.5128088246666312,0.11417239143897642,-0.4976793433147062,0.605500180944391,-0.8451904394725362,-0.29145415728168866,0.48134322929146944,-0.4203064914943046,-0.18838640185669633,1.0833670116691727,0.05777713624519259,-0.5386288538827892,0.6717474208637424,0.1980509563897016,-0.6018757415605088,0.5890377565145095,-0.8653050876525654,1.1345158275316047,-0.14356063308910522,0.009302732138105842,-0.6239673143928524,0.7385154994494548,-0.8447020235582766,0.3662060840577843,-1.228884479455207,0.5929047136445036,-0.1931967734851615,0.936913767703931,0.01701345965732995,0.2506380724851912,-0.8776110954609688,-0.691279591676834,1.2557710362005892,-0.42003485252426015,-0.5193577540787417,-0.12847712389674248,0.872424488722276,-0.5509821886633782,-0.2622490543612128,-0.48610126540063925,0.9994734963369455,0.20433362066171337,0.014639319803708958,-1.1297602525959993,1.0515753960126293,-0.6022208247598659,0.4944577883859327,-0.8303563290193191,0.13012642345125247,-1.2429874535482195,0.7194352982792916,-0.7286300690763419,0.2803504680012788,0.7768088942206056,1.1155602876367041,1.1812846018438719,1.4843945893354757,1.0775140269922585,0.767453422718616,0.44527878364796414,-0.12309950605983257,-0.33356974955393887,-0.1562413770356237,0.06172713030347585,-0.6897961553502309,-0.49599781450219305,-0.9043674256302741,1,slice_018.wav,1
-0.1355556917208305,-0.7077480612712372,-0.6477601628699501,-0.6926556150667255,-0.8967782328392905,-1.446462923346649,-0.9327871263842404,-1.9005457265100973,-1.5308787338057874,-0.7101507606557974,-1.0924642314596602,0.8256126337037487,-0.7005166975016724,0.0012145461273966494,-0.13668089862060515,0.5081474696895094,-1.6072698961649594,1.345640148488046,-1.669088721485062,-0.444732167596599,-0.9031551099372913,0.5273825800481208,-1.8499933178119599,-0.11645586640109637,-1.4269014439382512,0.06886057064343998,-0.7081170082804528,-0.5180226290786203,-0.9356532527752761,0.076675064323872,-0.18398115815282517,-0.6977050069554057,-0.3445366318999321,1.1350292345952195,-0.8764434435331989,-0.2683641477513923,-0.07054848058297525,-0.31080720961422237,-1.292945397435589,-0.5305526331487527,-0.646812386017285,-0.38216179989540244,0.18823129550388953,-0.5571665297033315,-0.6451006613592153,0.3196576065164213,-0.5222928089797183,-1.7553458267376352,-1.264184336217841,0.40001881961527774,-0.6610002922269815,-0.8812030423950101,-0.6215521498911357,-0.1525509471590686,-0.6929149550262175,-0.412742601484698,-0.7861313880701014,0.07040674382409136,-0.48391722630941836,-0.6630073907438199,-0.9359320904144424,0.4187260049946257,-0.558926760681117,0.3557713637624934,-0.4542334543237221,0.2092082098645654,-0.6946059022377439,-0.49372141647375983,0.19936513079825113,1.1932765909096368,-0.33971238032212414,0.9320428964287651,-0.7501723772188803,-1.1918141094404557,1.2274526855466117,-1.021461781047927,0.370239479218869,-0.739922443936933,0.8679857513337359,-0.2845483005679203,0.7209056479130386,-1.1388389815201154,1.082803583953757,-1.9036998873244506,0.36624733039929297,-0.032524535164584326,0.426215022920792,-0.656394663666012,0.4340130501838044,-0.4518394259484403,-0.5018377413376301,0.2143760350364264,0.13573578756044943,-0.38900583182145876,0.405179205263904,-0.2850962708158934,-0.050266055124352976,0.05173626344650229,0.24168345393412133,0.06486769802956348,-0.6797864838998346,-1.0660876159374695,-0.651806839682845,0.5687132536681347,1.6943269890161965,1.7417253594055395,0.4322633229158525,-0.04412620708004996,-1.7855473512655982,-0.4448068998423968,-0.6419821843716463,1,slice_183.wav,1
-0.5889453871435768,-0.6795107342599997,0.4125698903129887,-1.2486540568597753,-0.23068514537455187,-0.9949190171560139,-0.6232685262244647,-0.6424222548800709,-1.057359285720402,-0.30169154472447296,-0.6458992685350984,-0.44981339732610987,-1.1861997607141717,-0.4860113950083645,-0.8517054515292852,-0.31691135197774845,-0.3725661466431754,0.6005967226356476,-0.7115174025871944,-1.0859907649899676,-0.7781664886478349,-1.6162223308866903,-0.49697463726867025,-0.21176975706400497,-1.8062057497131379,-0.903890115769032,-0.8281540938341285,-0.4922647062851755,-0.27655519205065604,1.0844112619121162,-0.8926788512670333,-0.4306590318076354,0.3287675699472839,0.3037725568928341,-0.5334714578685114,-1.5034340973727738,-0.3739674128314846,0.14755875749845396,-0.5358193423071533,-0.696603964834694,0.4754217336129302,0.8671767103073926,0.3080938338347759,-0.8605080690934409,0.16271669239544606,0.6073701492172022,-0.8815040441258787,-0.5652299114109596,-0.6796325412554972,0.7114272573568949,-0.32638280978809137,0.6513413046598019,-1.0626978174115933,1.012799986105307,-0.47067542695285197,0.0036076438776313797,-0.18039195428311708,1.0861833004844856,-0.20935549324509328,-0.430065865196675,-0.9189203779897304,0.809569118227679,-0.4025700412011294,0.3828079821120596,0.16643762759030706,1.0295567484364807,-0.8823260062404324,0.1173282090018001,-0.1439005620605023,1.1073132902333347,-0.42639154823603687,0.026811052170986945,-0.234680376492753,-0.5194428001490884,0.07550087450546719,-0.4508744397128409,0.6514045254567322,-0.5040059359458159,-0.7342959723943759,-0.9073322861626549,0.5542363742919588,0.7644031901120993,-1.5481419894376096,0.06122194551096536,0.0586870729287186,0.08904244915373177,-1.22847612352519,0.14706898014747877,0.4753997337385731,-0.6080362736165257,-0.7904411020436463,-0.9015222986725252,0.8207779979118449,0.11601930036081191,0.19160692326013268,-0.509092100461839,1.0624276541857933,1.2822860699737362,0.5953503271240206,-0.1592055172304991,-0.5679520908727422,-0.7164026325583467,-0.7126421157882211,-0.6282299995939968,-0.5155474779234631,-0.1472784072420195,0.2909482936254979,0.6914499210803245,-0.18540274770664925,-0.48415232070293635,-0.7774867003112779,2,slice_050.wav,2
0.1166157819129349,0.63144196960324,-1.1531435126528222,-0.1790457326279922,-0.7494295278153001,1.2636946057501361,0.25771082636240056,1.9728735622275164,2.232809176846442,-0.65345877568544,-0.3583970098522617,1.0859031519713664,0.18318262869839944,-0.057420753528902344,0.72772188520122,-0.36275463365338745,1.2810709716037623,0.2784661638087902,1.8959173091404684,2.142940955710808,0.6550114600377515,-0.28528596286790797,2.9919076426430116,0.6252708998785336,1.8354704436374558,-0.7317323124346345,2.6048462876661294,0.6212134111116251,1.0753110324433177,-1.9355025542297952,3.096903895944193,-0.05037928941646922,0.6939452499814633,-1.7055875934903693,2.4556129805509306,2.559208222560229,1.6058172016358836,-1.837088105944369,2.565645021846649,-0.7301227890100076,2.167057080527671,-1.0609412011950539,2.3192610414126773,0.9023994467166784,1.413245434958465,-1.8967683656406493,2.2111576746070676,1.8860624149785,1.2750402180120186,-1.984991078978711,1.7053426889218224,1.7121442539611302,1.9054478690177543,-1.084725634977746,1.4363823114350016,0.0686666003051225,0.4940706111462942,-2.4397440814627966,1.4297962656008525,0.3609632515413814,2.124408868197288,-1.46727312832699,3.5169500563548355,-0.5415878913312581,1.473733107915866,-1.698077982630098,1.121386660875903,1.1574393331693005,0.3594384248960363,-1.4436673771494373,-0.3042109871082637,0.7925307874546621,0.9013071702038623,1.196105913340206,-0.1840997071529317,0.4812962388786916,-0.15862343662329126,0.7895415791942318,0.8654165835157951,1.1768410727850573,-0.10385064390596094,0.25648840429725167,0.9598160883490205,1.7080613496919428,0.17537343057025867,1.6126281037567427,0.30990535958507687,-0.07104096725996749,-0.14046294974046036,0.7932223300934773,0.05605960062909375,1.528155804160598,-1.6162850742100878,0.8925684189542951,-0.8401177910832256,0.7607064122083721,-1.2490895938960251,-1.2336354556612656,-1.4650797466806955,-1.4958211697514765,-1.2759740579949692,-0.29178650231869735,0.34788497293003684,0.6029458951212797,0.6240444237343383,0.14957283437292201,-0.288905331503524,-0.867615422107833,0.7813512836102158,0.46771664035371735,1.103428820898407,1,slice_001.wav,3
-0.6862401643359118,-0.6086126990741546,0.4584633133071454,-0.6507942600836941,0.25586745364926455,0.2772136788199166,0.1370925327740541,1.1614382190277246,0.7197675806349398,0.19166831464402348,0.49766486649800973,-0.5149734425823789,-1.3693580734903503,-0.6960276767518171,-0.7674838615652927,-0.7285187694006653,0.30338599897830526,-0.08510095007418092,0.30563968052330054,-0.3973841668235729,0.7257026440987546,-1.0479493871873267,0.022163646555315258,-0.28624390463877375,-0.9269103447777546,-0.8465136400244881,-0.41307604533480813,0.026751403720260428,-0.08623708432971726,0.47018741152645765,-0.9265795765294575,0.4835075140671605,0.5403518288123635,0.8816701178965954,-0.7206166209308459,-1.2524754203100554,-0.38896270180531073,-0.2187490935326775,0.28982788640508367,-0.37479971867928447,0.2715436413766381,-0.018378938236633512,0.43685503080081445,-0.12928051602889853,-0.8440704986769837,0.7411385033077247,-0.5318233074175955,-0.20491419016968898,-0.11255838552323058,-0.5895574007298933,-0.5773635663027685,0.146933149541992,-0.9075582767787342,-0.22891327799158587,-0.5630398625034709,0.009420498362061309,-1.3178232777847616,0.7821432587765099,-0.7951120214054958,-0.1482294074691959,-0.17571654189769806,0.3422437471141368,-0.30699162594947704,1.0041604949608836,-0.8274013579908214,0.2985537884992181,-0.4943844752865139,0.984989875460871,-1.0150362783610805,0.8419527577638879,-0.5365651225250395,0.30588846791257973,-0.9827833486042131,-0.14051509108780733,0.7301752322647664,-0.3318732931929519,0.0718062535477705,-0.7635370378248931,-0.03392955458182616,-0.282038447595467,0.619795407204119,0.3635006911388115,-0.5489245331411682,0.6400095582538865,-0.2727696925719315,-1.1418021214436753,-0.6737545501977327,-0.30863080309267577,-0.7911933833770401,-0.19971474212518103,-0.57718382781916,-0.09058002292583416,-0.006111106377617958,-0.5166063730345317,0.974084357678559,-1.1198909071948522,0.7216956875662242,0.28826047803038785,-0.03350051380014924,-0.1368527792326747,-0.10282431210958796,0.013552443861865934,0.2872739684739233,0.3970460225203872,0.9857545896205137,1.5153342058878483,1.7147688306018518,1.2594684220830275,1.1794264729759831,-0.47690160327005526,-0.6880459433643119,2,slice_072.wav,2
0.6796961220310574,0.3587866710430616,-0.14002792968141017,-0.3315932143876212,-0.794239494289739,-1.1321171964496586,-1.4027357948539638,-0.9396555362032162,-1.1928066820624517,-0.7248248695994436,-0.9838654801225178,0.46562230282850825,-0.6576752653351805,1.649741886121794,-0.5543599391704431,1.2967090193020407,0.9954812998804077,1.2113323982210957,-0.9359913306724609,-1.2053075745684123,0.3853706438031267,-0.6625902489366141,0.192597833260086,0.010979143972638349,1.040168107346533,-0.5332953442724064,-0.36752950176110194,1.046358618159081,0.152513585217921,0.37196178713223593,-0.04029697556914528,1.4072266786041276,0.4025090230337083,-0.6640581890241537,-0.6847365846323965,0.6262748690423876,-0.9959958124678455,0.1259022808542538,1.0781619289848718,0.9644010580382949,1.3894292111813722,-0.8620100634567732,-0.21203866088101653,0.996582067656223,-0.29988625036916705,-0.7676111456400755,-0.3604705164433109,0.8865382560930785,1.8794233221945646,0.16358446169781138,-0.5099947821152127,0.5555683812226049,1.1453567516571754,-0.41744341381415906,-0.21731533670424713,1.361807430092134,-0.2397367294807497,-0.4724018633078004,-0.8244917427058465,1.5054151641580693,0.9468048738964834,-0.3932229994653132,0.1539474357346835,1.2854132458812038,0.42376501925277205,-0.3824923547089755,0.2181646575616967,1.4364938940580028,-0.1441787279765416,-0.305714256655109,-0.28258449240498773,1.2639127394049803,-0.6734766520642338,-0.26284502784216873,0.9571533003903828,-0.47426476955327446,-0.4295455564339417,-0.6372710851396564,1.4778826114375787,0.5419543746361113,-0.864640595375048,0.3727182212466263,1.1300666903360503,0.04098149743644589,-0.6393069115845892,-0.28120440094525023,1.0776044365676516,1.5639996025381195,-0.6154094848522784,0.9422349072874909,0.5726278172728092,1.442906339931415,-1.1521625927725703,0.5851099063948124,0.34298986577726376,-0.28830224991069736,0.5186523234552151,0.9742922982347252,0.9876583826675244,0.6222763747307419,0.28360296170866495,-0.24060361855957108,-0.017757939129025308,-0.03467918136693693,-0.264780298305609,-0.34875000932528294,-0.10030195324707765,0.2059128764946945,0.10462346168841025,-0.18025262711403506,0.7079148094848889,1,slice_237.wav,3
-0.4636059802249435,-0.5109751176415741,0.17675590100995228,-1.3881326798810116,-0.5011654601033106,-0.9730781435799799,-0.783177567986231,-0.06557578855341283,-0.9353249489191926,-0.40950480165508,-0.6621525826167657,-0.8089049695632728,-1.450056370219857,-0.20038498794857984,-0.9346449229515584,-0.12051827983124447,0.17356919523975328,1.135617162396353,-0.38738472176029776,-0.7499972161139521,-0.13744526492139028,-1.6089882442862462,-0.21600034691037862,-0.9476655639719833,-0.7156598757343984,-1.5382366901371496,-0.8724572489344328,-1.3233940803863529,-0.2764704221842692,0.5059091399518115,-0.5035103133467503,-0.1161942990125208,0.3552921372852698,0.9502727926007951,-0.3117981471271412,-0.7356890117813876,0.8061604872909642,-0.2094564482747911,-1.0424787277408254,-0.9149193881555415,-0.569318845902317,0.07411447130183366,0.28130129082529604,-0.28613638427456917,0.10604341039056278,1.4446814969408772,0.029993884751383728,0.17308746802228184,-0.1488236251091108,0.6860524090821244,-0.15728256010998476,0.4415825147406437,-0.8136506497603188,0.629416424257945,-1.2266111136008029,-0.10420312837917665,0.2008515347883409,0.7933994164730078,-0.5646720486056758,-0.13875985600131266,-0.1575345068811058,0.49809885933908055,-0.03317606256526853,0.4916663682800635,-0.630083233167031,0.6405927629108188,-0.5514009896136804,-0.17781133182765063,0.14524171707951575,1.0073462280064158,0.0763273807286798,0.10358690693159917,-0.5096063690071647,-0.5633534249410923,1.3266335861987368,-0.4629522289975983,1.1390740745676033,-0.9267258194580664,0.5597122511313335,0.6810130533763077,1.0565615279882157,-0.8638555647687619,-0.17894636450230092,-0.9427211763159313,0.8137411503068114,-0.429340733207999,0.29601669243635237,-0.38019406690045593,1.0463682285102018,-0.8738777758566552,0.14156062916035483,-0.585157662487612,0.9466528307563588,-0.9961805764325877,0.9530939601392012,-1.1808133676513564,0.37958423743254455,0.07751503169233127,-0.474084580397779,-0.6193639387538216,-0.09920894407532035,0.2985307970748497,1.2977326923019004,1.6319644780635216,1.934479864796009,1.57105177699872,0.9379323479680536,0.5119250103065227,0.7813512836102158,-0.43969393684540636,-0.594410395192028,2,slice_038.wav,2
-0.3095570918048687,-0.3981618561224302,-0.12122572713277595,0.5663626417534147,-0.3362887724828721,-0.7931974641054829,-0.6506136514940623,0.13536730522589668,-0.6633455160986286,-0.4491273805199197,-0.43271172880771047,0.07536941614414512,-1.0124884348718084,-0.295872914666217,-0.023428161466831073,0.024219853237193462,0.2566106429333859,0.3959657833747736,-0.8881636832536174,-0.9089959319254168,1.1247255264048235,-0.30172959065273464,0.2381513399693354,1.0685940213491936,-0.6461971133833905,-0.2717464533867473,-0.6176225074959418,0.31827594365454437,-0.7515600890735976,0.2728090585247635,-0.5342006153297625,0.2378875935999876,0.2132493563777549,-0.8849311637580368,-0.5969402062542087,-0.39499527842140864,-0.06910091081245502,1.035392846659191,0.792473721856925,0.8480262995747473,1.2608286358529621,-0.33050794681961826,0.7780224707022514,-0.2427058696002186,-0.7825579292386294,-0.4681020553353759,-0.8982697743026304,1.1254366043868296,0.6274087780928472,0.7338696050907548,0.5929566352746312,1.2280066204200437,-0.14958872508607207,0.42007770668345384,-0.1132041439762207,0.882041660265841,1.3288581677877318,-0.08273639146680065,-0.12527458097695618,0.981638567272338,0.6707532936853178,-0.08190484152658824,0.7517215436240821,1.4887187123649361,0.2755388311481386,0.007037923214372732,-0.13503748363309342,0.40485507483195093,-0.5496365645047978,-0.1525613038919991,1.262340577837755,0.4808477412740273,0.44065359213731,-0.6393635404265992,0.42398088557288577,-0.1875526833121289,-0.7227983774339166,0.2652758331441253,0.06346385077338215,0.24409024509233823,-0.4799850001086221,1.2908492923903552,0.11904711128186198,1.1381016098994472,-0.7161101889937453,0.6990535427747064,0.2183728270061959,1.5201366020647697,-0.27074953447487266,0.6997113834508422,0.5638165572531193,0.6439244188748795,-0.6438202909728259,1.5923671309435854,-0.6682815537975219,0.6301485111184448,-1.0400034922177712,-0.3561593396790568,0.9659859172009736,1.842071227598597,1.6328477661471994,0.7333738560203753,-0.24877795601475228,-1.1033645661602471,-1.5754173792881134,-1.669558302759651,-1.60548633165683,-1.3411156775647353,-0.4490629380657946,-0.44043401899037027,-0.5487843854642303,2,slice_243.wav,1
-0.7598236479692556,-0.7861467752391976,0.5096976546482321,-0.985885501940924,0.27944631028608574,-0.9318318646258739,0.11195697807771286,-0.5320909328438661,-0.7219094386303436,0.1731172601783005,-0.2893202554560983,-0.7748559592870432,-0.93784259922179,-0.837002532436445,-0.7522311125035036,-0.7680874104845855,-0.6939956313984071,-0.14700228436360305,-1.0537340638342754,-0.5965745920908831,-0.7405149119767652,-0.30055884431936764,-0.545797840740624,-0.23784388977523954,-0.8653718648688813,-0.23774783094295282,-0.5761111532765935,-0.6208521333194946,-0.536899612886248,0.2565280652514447,-0.9328430232432712,-1.236337272511117,0.09747035695095593,-0.03137205248786448,-1.1176022679014692,-1.0482112100367096,-0.5958843323777963,1.2635401658231802,-0.38213724173408176,-0.9228525455618644,-0.5270066527920009,0.4380019110444063,-1.5755034009816393,-1.0310402404587973,-0.25487519740691483,1.1064554803787945,-1.0962986760050588,-0.025659363368197963,-0.2052276252106407,1.5215660068896253,0.021541057042904033,1.0703203428737116,-0.6823911051723358,1.3326258556854063,-0.5601367541093006,0.44664323175431697,-1.240432245245235,1.3844917626847761,-0.7426167519243996,-0.25851903872154514,-0.4004898480481976,0.7441612516173501,0.457192640632313,-0.31433715270546564,-0.7713997002274386,1.2523797059641952,-0.18463018348036614,-0.7389978700357233,0.03912877392209814,0.6678514991999972,-0.4603690355262768,-1.2477755522960192,-0.997462269691511,-0.7039668344873716,-1.2768692517321292,-0.3418828128246495,0.5271185647235682,-0.18702571264846965,-1.1273146405254169,-0.059189762444000676,1.1883054182570545,-0.1329070977821448,-1.2059035534480778,-0.01825445351968624,1.2686579371438478,-0.3912159535565563,-0.14534690387672422,-0.02083467748626995,1.2800669136548672,-0.3738962714321926,-0.9306937454669866,-0.3290386199555886,0.7902917939869692,1.0721623876946615,0.49316295797463416,-0.647707023151033,0.41217049850332194,1.0475323559995275,1.3033620394681709,1.2902413971552984,1.2280124011597042,1.2225305896354581,0.3858044789300509,-0.19558819402316505,-0.5366443583152546,-0.6693039065505897,-0.5004402506136049,-0.24115037605625225,-0.910468271194298,-0.5006563602183313,-0.9453011405366458,2,slice_090.wav,3
-0.32996513657021437,-0.26811695935111457,0.6770156738908532,-1.28805180372745,-0.10839698155042654,-0.3935739874722144,-0.848622749509155,0.7519260295199733,-0.08967759259411136,-0.256471494358837,-0.13845081985072738,-0.839252425680839,-1.6958006092807514,0.08038205382126345,-0.9476917492776076,0.04966512326698789,1.0300504236410764,0.5307098409560427,0.3730038854227571,-1.5264209641211426,0.5008454735596303,-1.6933001958630725,0.07304203316558443,-0.5873950531368624,1.337915270717527,-1.68010445366636,-0.0855912578487277,-0.6389826241393205,-0.9677869782236422,0.361260491134167,-0.1200892707839258,-0.7218478775448314,0.2636008692330532,-0.040493763719310384,-0.028247377246051128,-0.9867672764821014,-0.10338818260876403,0.4429335302175905,-0.07642815301026824,-0.3242498508330128,-0.3244510515482239,0.42890509414996125,1.1244541973026652,-0.3045936196823961,0.06810071060215632,0.8694407399179928,-0.460981533097833,-0.12324941795569587,-0.14246159739110187,0.3692946175689471,0.016785699722092828,0.6156191531828119,-0.4389865735874769,0.4876784110522699,-0.3033154567348858,0.0192813497383704,-0.44396867437579396,0.9227895111924096,-0.15448333503576053,-0.11876407703010575,-0.8296141799164158,0.48534207300772214,-0.7930380477492983,0.39726272656923617,-0.42143558365046907,0.41465359403836816,-0.3333798773804002,0.525996952617336,-0.1717062828125406,0.687901053846665,-0.5294469713997192,-0.3175443284175997,0.12651920016824492,-0.26541234660232543,0.34947867905025004,-0.43382805496414817,0.03626504247183032,-0.5768076522108863,-1.1635527160544359,-0.6127695903493746,-0.4069482371229606,-1.0768706411094449,-1.1211867307169308,0.17047399569389962,-0.04533638780742429,-0.26605160232782804,-0.43789336691273306,-1.1176296993541253,-0.354249451546736,-0.4898140107449267,-0.9574071296379545,-1.1795828523862013,-0.16186037789491922,-0.7229551201644668,0.10425421364794062,-0.36987338094235156,0.27344336175052686,0.8426805963908944,1.187077064032473,0.5481060354592697,0.1057015711832667,0.12928075501940026,-0.39777782457712174,-0.8770725234393698,-0.8115705378187903,-0.5628120548029804,0.013852543422359002,0.2434804874436337,0.42517874575663445,-0.3967109438039251,-0.24944938438301995,1,slice_077.wav,1
0.6419852093522411,0.9816949012326637,-0.9327107706337416,-0.0019574332136233306,-0.9935386174122568,-0.3320767251974764,-1.021773971255631,-0.24144273188935161,-0.5782242109021262,-0.758268860497754,-0.844181833254025,1.1842441058910955,-0.8114430795419904,0.7395038185276896,0.5186477581535156,0.6974374050108257,0.2963411559790858,0.9566150645836499,0.11608271525910488,-0.24250397962191758,-0.5312824376589447,0.20239186973025475,0.35990345240671084,1.3979990451455335,0.08545803073070518,0.04940846401775857,-0.30067380128447707,1.314531803876138,0.5489136416044064,-1.106042924740019,0.06548176727742633,0.4839629500212299,0.2249979482230284,-1.774710141386239,-0.17442179290214066,-0.2959623441598345,-0.7675814456491303,-1.2653793556010213,0.43707731097987945,1.1790765891224362,-0.1670722491283518,-1.3313825558139674,-0.6786826366818609,1.1089237655205737,-0.17679216763221955,-0.9814103516483486,-0.36039214391792085,1.675372275233231,0.24472524368507903,0.23795846832966985,-0.44689234539290634,1.7668084653933476,1.0741256857880783,-0.6112555674532378,0.49381913255499477,1.7774678013569118,1.2944966019665183,-0.8409762898491328,0.40366364888041967,1.1281291652800005,0.19246331660058746,-1.2836954422093834,-0.6373582000603515,0.1008237731202704,0.8203981549778451,-1.720680909874942,0.5238803772473972,-0.6350781385494625,0.21869670277016823,-1.7327832805844752,-0.39622896607062374,-0.650200466822781,-0.43165075102629297,0.5367913681175076,-0.43119587158484735,-0.16137245316285292,-1.391181784883613,-0.43448402438740674,0.3610489382494582,-0.9766837679468098,-1.51667494125631,-0.42065441119181063,0.3969981855960744,-0.023011248626069507,-1.2406267224915934,0.07197557984057786,0.3849558463556291,0.4747559250667485,-1.044182582606248,1.5944171174641353,-0.40523036786173683,1.5971530523937039,-1.3694165225795694,0.6641867686171607,-1.2542446689552373,1.1609995981833887,-1.9025094116150274,-1.975328791862899,-2.005906663679776,-1.8982421473089346,-1.4891188646412514,-0.6966056462749518,1.5018790499264154,2.3162368424970308,0.600790778995211,-0.3912326554248305,-1.254225729349495,-1.7092052484930853,0.42517874575663445,0.24779408152764276,1.9479941224623583,1,slice_209.wav,3
